Date,Island,Participants,Households,BenefitsIssued,ParticipantsSNAPOnly
2008-07-01,Hawaii Branch,23424,11577,3849822,15293
2008-07-01,Kauai Branch,4493,2302,717841,3331
2008-07-01,Lanai Island,148,75,21797,80
2008-07-01,Maui Branch,8838,4349,1440504,6158
2008-07-01,Maui Island,7147,3640,1173744,5034
2008-07-01,Molokai Island,1543,634,244963,1044
2008-07-01,Oahu Branch,62880,32186,10074242,39252
2008-07-01,STATE,99635,50414,16082409,64034
2008-08-01,Hawaii Branch,23986,11795,3945155,15724
2008-08-01,Kauai Branch,4676,2369,745499,3496
2008-08-01,Lanai Island,150,75,22923,82
2008-08-01,Maui Branch,9053,4450,1479342,6308
2008-08-01,Maui Island,7353,3730,1207601,5170
2008-08-01,Molokai Island,1550,645,248818,1056
2008-08-01,Oahu Branch,63940,32651,10254153,40063
2008-08-01,STATE,101655,51265,16424149,65591
2008-09-01,Hawaii Branch,24336,11935,4009357,15989
2008-09-01,Kauai Branch,4717,2400,767304,3499
2008-09-01,Lanai Island,172,82,25962,87
2008-09-01,Maui Branch,9295,4578,1528684,6526
2008-09-01,Maui Island,7574,3848,1255086,5392
2008-09-01,Molokai Island,1549,648,247636,1047
2008-09-01,Oahu Branch,64507,32861,10321074,40337
2008-09-01,STATE,102855,51774,16626419,66351
2008-10-01,Hawaii Branch,25050,12295,4565071,16779
2008-10-01,Kauai Branch,4942,2494,884147,3728
2008-10-01,Lanai Island,196,91,33440,100
2008-10-01,Maui Branch,9566,4694,1748250,6829
2008-10-01,Maui Island,7769,3942,1426481,5655
2008-10-01,Molokai Island,1601,661,288329,1074
2008-10-01,Oahu Branch,65542,33406,11755726,41641
2008-10-01,STATE,105100,52889,18953194,68977
2008-11-01,Hawaii Branch,25788,12603,4700459,17499
2008-11-01,Kauai Branch,5037,2545,906632,3862
2008-11-01,Lanai Island,200,92,32235,109
2008-11-01,Maui Branch,9748,4774,1781608,6998
2008-11-01,Maui Island,7943,4026,1466835,5803
2008-11-01,Molokai Island,1605,656,282538,1086
2008-11-01,Oahu Branch,66430,33734,11903553,42603
2008-11-01,STATE,107003,53656,19292252,70962
2008-12-01,Hawaii Branch,26311,12888,4797351,17931
2008-12-01,Kauai Branch,5262,2637,946048,4078
2008-12-01,Lanai Island,203,91,33816,111
2008-12-01,Maui Branch,9987,4886,1849481,7158
2008-12-01,Maui Island,8171,4129,1533657,5949
2008-12-01,Molokai Island,1613,666,282008,1098
2008-12-01,Oahu Branch,67412,34258,12105385,43579
2008-12-01,STATE,108972,54669,19698265,72746
2009-01-01,Hawaii Branch,26430,12984,4732779,18015
2009-01-01,Kauai Branch,5380,2705,953713,4191
2009-01-01,Lanai Island,209,95,33831,119
2009-01-01,Maui Branch,10137,4923,1852697,7323
2009-01-01,Maui Island,8271,4153,1533888,6086
2009-01-01,Molokai Island,1657,675,284978,1118
2009-01-01,Oahu Branch,67761,34375,11933475,43957
2009-01-01,STATE,109708,54987,19472664,73486
2009-02-01,Hawaii Branch,26693,13127,4796239,18246
2009-02-01,Kauai Branch,5511,2782,984747,4336
2009-02-01,Lanai Island,219,95,37287,116
2009-02-01,Maui Branch,10461,5046,0,7603
2009-02-01,Maui Island,8565,4266,1606991,6352
2009-02-01,Molokai Island,1677,685,291662,1135
2009-02-01,Oahu Branch,68250,34627,12083698,44568
2009-02-01,STATE,110915,55582,19800624,74753
2009-03-01,Hawaii Branch,27143,13400,4931222,18668
2009-03-01,Kauai Branch,5746,2906,1033556,4507
2009-03-01,Lanai Island,217,97,35054,116
2009-03-01,Maui Branch,10630,5173,1986124,7704
2009-03-01,Maui Island,8742,4385,1661358,6469
2009-03-01,Molokai Island,1671,691,289712,1119
2009-03-01,Oahu Branch,69002,34951,12265478,45572
2009-03-01,STATE,112521,56430,20216380,76451
2009-04-01,Hawaii Branch,27799,13786,6042520,19354
2009-04-01,Kauai Branch,5924,3029,1266147,4622
2009-04-01,Lanai Island,234,103,46224,128
2009-04-01,Maui Branch,10796,5319,2384003,7839
2009-04-01,Maui Island,8871,4505,1986919,6585
2009-04-01,Molokai Island,1691,711,350860,1126
2009-04-01,Oahu Branch,70486,35697,15019296,47163
2009-04-01,STATE,115005,57831,24711966,78978
2009-05-01,Hawaii Branch,28517,14148,6220740,19936
2009-05-01,Kauai Branch,6150,3146,1320509,4837
2009-05-01,Lanai Island,244,107,47040,142
2009-05-01,Maui Branch,11208,5527,2530087,8232
2009-05-01,Maui Island,9259,4700,2123660,6942
2009-05-01,Molokai Island,1705,720,359387,1148
2009-05-01,Oahu Branch,71773,36347,15318072,48419
2009-05-01,STATE,117648,59168,25389408,81424
2009-06-01,Hawaii Branch,29186,14512,6375509,20642
2009-06-01,Kauai Branch,6331,3230,1359828,5009
2009-06-01,Lanai Island,243,110,46793,137
2009-06-01,Maui Branch,11501,5695,2580313,8523
2009-06-01,Maui Island,9554,4858,2174732,7234
2009-06-01,Molokai Island,1704,727,358788,1152
2009-06-01,Oahu Branch,73175,37003,15660295,49833
2009-06-01,STATE,120193,60440,25975945,84007
2009-07-01,Hawaii Branch,29680,14793,6432449,21081
2009-07-01,Kauai Branch,6571,3339,1399571,5218
2009-07-01,Lanai Island,243,110,47794,136
2009-07-01,Maui Branch,12009,5932,2692896,9055
2009-07-01,Maui Island,10009,5085,2278508,7698
2009-07-01,Molokai Island,1757,737,366594,1221
2009-07-01,Oahu Branch,74444,37559,15862229,50793
2009-07-01,STATE,122704,61623,26387145,86147
2009-08-01,Hawaii Branch,30108,15063,6526892,21617
2009-08-01,Kauai Branch,6698,3406,1423365,5358
2009-08-01,Lanai Island,244,112,48484,153
2009-08-01,Maui Branch,12521,6180,2782393,9518
2009-08-01,Maui Island,10489,5316,2358684,8097
2009-08-01,Molokai Island,1788,752,375225,1268
2009-08-01,Oahu Branch,75730,38203,16135405,52175
2009-08-01,STATE,125057,62852,26868055,88668
2009-09-01,Hawaii Branch,30562,15446,6722529,22297
2009-09-01,Kauai Branch,6711,3425,1427108,5396
2009-09-01,Lanai Island,269,120,57206,160
2009-09-01,Maui Branch,12715,6291,2847594,9646
2009-09-01,Maui Island,10665,5415,2417894,8197
2009-09-01,Molokai Island,1781,756,372494,1289
2009-09-01,Oahu Branch,77262,38993,16526922,53538
2009-09-01,STATE,127250,64155,27524153,90877
2009-10-01,Hawaii Branch,31201,15636,6779070,22484
2009-10-01,Kauai Branch,6894,3527,1465953,5498
2009-10-01,Lanai Island,274,122,55951,164
2009-10-01,Maui Branch,12998,6444,2911711,9837
2009-10-01,Maui Island,10932,5553,2484850,8370
2009-10-01,Molokai Island,1792,769,370910,1303
2009-10-01,Oahu Branch,78443,39507,16725980,54635
2009-10-01,STATE,129536,65114,27882714,92454
2009-11-01,Hawaii Branch,31694,15893,6938453,23024
2009-11-01,Kauai Branch,7036,3603,1507063,5692
2009-11-01,Lanai Island,273,122,53804,149
2009-11-01,Maui Branch,13154,6551,2948537,9974
2009-11-01,Maui Island,11030,5636,2506858,8504
2009-11-01,Molokai Island,1851,793,387875,1321
2009-11-01,Oahu Branch,79477,39970,17041261,55894
2009-11-01,STATE,131361,66017,28435314,94584
2009-12-01,Hawaii Branch,32298,16194,7052456,23640
2009-12-01,Kauai Branch,7237,3690,1534326,5905
2009-12-01,Lanai Island,258,120,53782,144
2009-12-01,Maui Branch,13639,6742,3111348,10467
2009-12-01,Maui Island,11505,5816,2666158,8979
2009-12-01,Molokai Island,1876,806,391408,1344
2009-12-01,Oahu Branch,80847,40652,17332195,57241
2009-12-01,STATE,134021,67278,29030325,97253
2010-01-01,Hawaii Branch,32520,16356,7048499,23935
2010-01-01,Kauai Branch,7353,3742,1552626,6005
2010-01-01,Lanai Island,267,127,54589,146
2010-01-01,Maui Branch,13645,6752,3040180,10467
2010-01-01,Maui Island,11483,5806,2593374,8953
2010-01-01,Molokai Island,1895,819,392217,1368
2010-01-01,Oahu Branch,81167,40800,17290579,57689
2010-01-01,STATE,134685,67650,28931884,98096
2010-02-01,Hawaii Branch,32919,16600,7215819,24297
2010-02-01,Kauai Branch,7329,3784,1561086,6006
2010-02-01,Lanai Island,255,124,52941,139
2010-02-01,Maui Branch,13825,6808,3116563,10687
2010-02-01,Maui Island,11617,5849,2657949,9149
2010-02-01,Molokai Island,1953,835,405673,1399
2010-02-01,Oahu Branch,81438,40901,17414722,58075
2010-02-01,STATE,135511,68093,29308190,99065
2010-03-01,Hawaii Branch,33317,16820,7323040,24631
2010-03-01,Kauai Branch,7495,3880,1601460,6163
2010-03-01,Lanai Island,246,122,53682,139
2010-03-01,Maui Branch,14031,6961,3202265,10782
2010-03-01,Maui Island,11825,5991,2739006,9233
2010-03-01,Molokai Island,1960,848,409577,1410
2010-03-01,Oahu Branch,81751,41151,17510408,58381
2010-03-01,STATE,136594,68812,29637173,99957
2010-04-01,Hawaii Branch,33857,17122,7437726,25235
2010-04-01,Kauai Branch,7610,3933,1625958,6277
2010-04-01,Lanai Island,261,128,56510,156
2010-04-01,Maui Branch,14406,7107,3285729,11214
2010-04-01,Maui Island,12146,6116,2809240,9626
2010-04-01,Molokai Island,1999,863,419979,1432
2010-04-01,Oahu Branch,82511,41455,17641808,59639
2010-04-01,STATE,138384,69617,29991221,102365
2010-05-01,Hawaii Branch,34332,17379,7516455,25705
2010-05-01,Kauai Branch,7757,4030,1666158,6429
2010-05-01,Lanai Island,257,129,55096,160
2010-05-01,Maui Branch,14630,7234,3297788,11429
2010-05-01,Maui Island,12365,6239,2818265,9849
2010-05-01,Molokai Island,2008,866,424427,1420
2010-05-01,Oahu Branch,83097,41751,17813094,60152
2010-05-01,STATE,139816,70394,30293495,103715
2010-06-01,Hawaii Branch,34674,17549,7586921,25983
2010-06-01,Kauai Branch,7798,4055,1675198,6480
2010-06-01,Lanai Island,269,132,56211,173
2010-06-01,Maui Branch,14967,7391,3391578,11671
2010-06-01,Maui Island,12675,6374,2910608,10058
2010-06-01,Molokai Island,2023,885,424759,1440
2010-06-01,Oahu Branch,83854,42016,18001329,61106
2010-06-01,STATE,141293,71011,30655026,105240
2010-07-01,Hawaii Branch,35640,18029,7857680,26772
2010-07-01,Kauai Branch,7961,4148,1725599,6590
2010-07-01,Lanai Island,291,142,59759,190
2010-07-01,Maui Branch,15515,7676,3494447,12135
2010-07-01,Maui Island,13177,6631,2997498,10488
2010-07-01,Molokai Island,2047,903,437190,1457
2010-07-01,Oahu Branch,84890,42510,18229888,61836
2010-07-01,STATE,144006,72363,31307614,107333
2010-08-01,Hawaii Branch,36161,18232,7981814,27300
2010-08-01,Kauai Branch,7976,4139,1735817,6576
2010-08-01,Lanai Island,297,141,60766,191
2010-08-01,Maui Branch,15814,7799,3553784,12427
2010-08-01,Maui Island,13453,6746,3047983,10764
2010-08-01,Molokai Island,2064,912,445035,1472
2010-08-01,Oahu Branch,85583,42783,18389164,62496
2010-08-01,STATE,145534,72953,31660579,108799
2010-09-01,Hawaii Branch,36768,18513,8148130,27704
2010-09-01,Kauai Branch,8032,4141,1735754,6614
2010-09-01,Lanai Island,302,143,62648,197
2010-09-01,Maui Branch,16097,7950,3672813,12695
2010-09-01,Maui Island,13727,6882,3164009,11020
2010-09-01,Molokai Island,2068,925,446156,1478
2010-09-01,Oahu Branch,86353,43141,18572537,63165
2010-09-01,STATE,147250,73745,32129234,110178
2010-10-01,Hawaii Branch,37834,18961,8254328,28639
2010-10-01,Kauai Branch,8286,4259,1791107,6840
2010-10-01,Lanai Island,319,150,66872,209
2010-10-01,Maui Branch,16246,8041,3655621,12896
2010-10-01,Maui Island,13869,6961,3142621,11215
2010-10-01,Molokai Island,2058,930,446128,1472
2010-10-01,Oahu Branch,88114,43873,18981138,64725
2010-10-01,STATE,150480,75134,32682194,113100
2010-11-01,Hawaii Branch,38392,19251,8353394,29173
2010-11-01,Kauai Branch,8355,4281,1802031,6928
2010-11-01,Lanai Island,322,153,66128,218
2010-11-01,Maui Branch,16510,8174,3699503,13185
2010-11-01,Maui Island,14084,7073,3180308,11433
2010-11-01,Molokai Island,2104,948,453067,1534
2010-11-01,Oahu Branch,89761,44476,19303024,66369
2010-11-01,STATE,153018,76182,33157952,115655
2010-12-01,Hawaii Branch,39134,19624,8534328,29634
2010-12-01,Kauai Branch,8692,4453,1878774,7263
2010-12-01,Lanai Island,333,157,67601,226
2010-12-01,Maui Branch,16972,8368,3847161,13598
2010-12-01,Maui Island,14522,7247,3323201,11846
2010-12-01,Molokai Island,2117,964,456359,1526
2010-12-01,Oahu Branch,91557,45276,19649742,67891
2010-12-01,STATE,156355,77721,33910005,118386
2011-01-01,Hawaii Branch,39332,19722,8514542,29863
2011-01-01,Kauai Branch,8894,4547,1890463,7443
2011-01-01,Lanai Island,336,157,67504,239
2011-01-01,Maui Branch,16793,8294,3733782,13481
2011-01-01,Maui Island,14318,7157,3208205,11687
2011-01-01,Molokai Island,2139,980,458073,1555
2011-01-01,Oahu Branch,92144,45528,19609191,68546
2011-01-01,STATE,157163,78091,33747978,119333
2011-02-01,Hawaii Branch,39621,19927,8598726,30157
2011-02-01,Kauai Branch,9117,4675,1933729,7688
2011-02-01,Lanai Island,381,184,80616,268
2011-02-01,Maui Branch,16781,8289,3772508,13446
2011-02-01,Maui Island,14300,7146,3245000,11660
2011-02-01,Molokai Island,2100,959,446892,1518
2011-02-01,Oahu Branch,92633,45857,19670046,69158
2011-02-01,STATE,158152,78748,33975009,120449
2011-03-01,Hawaii Branch,39999,20148,8733246,30463
2011-03-01,Kauai Branch,9134,4727,1945684,7733
2011-03-01,Lanai Island,370,173,76794,254
2011-03-01,Maui Branch,16868,8354,3840860,13549
2011-03-01,Maui Island,14330,7188,3302006,11712
2011-03-01,Molokai Island,2168,993,462060,1583
2011-03-01,Oahu Branch,93403,46299,19888573,70260
2011-03-01,STATE,159404,79528,34408363,122005
2011-04-01,Hawaii Branch,40254,20276,8738969,30737
2011-04-01,Kauai Branch,9204,4766,1949569,7790
2011-04-01,Lanai Island,384,180,77369,277
2011-04-01,Maui Branch,16881,8362,3829647,13610
2011-04-01,Maui Island,14323,7190,3292428,11750
2011-04-01,Molokai Island,2174,992,459850,1583
2011-04-01,Oahu Branch,93365,46364,19869190,70348
2011-04-01,STATE,159704,79768,34387375,122485
2011-05-01,Hawaii Branch,40317,20305,8769325,30924
2011-05-01,Kauai Branch,9325,4848,1981085,7896
2011-05-01,Lanai Island,365,173,74057,266
2011-05-01,Maui Branch,16697,8303,3790609,13460
2011-05-01,Maui Island,14144,7122,3251601,11615
2011-05-01,Molokai Island,2188,1008,464951,1579
2011-05-01,Oahu Branch,94123,46729,20091402,71210
2011-05-01,STATE,160462,80185,34632421,123490
2011-06-01,Hawaii Branch,40848,20557,8918410,31402
2011-06-01,Kauai Branch,9394,4859,1990020,8007
2011-06-01,Lanai Island,371,177,77863,267
2011-06-01,Maui Branch,16889,8406,3882279,13620
2011-06-01,Maui Island,14321,7221,3341339,11768
2011-06-01,Molokai Island,2197,1008,463077,1585
2011-06-01,Oahu Branch,95295,47352,20335737,72352
2011-06-01,STATE,162426,81174,35126446,125381
2011-07-01,Hawaii Branch,41284,20784,8993552,31762
2011-07-01,Kauai Branch,9483,4895,2014370,8123
2011-07-01,Lanai Island,363,169,71771,265
2011-07-01,Maui Branch,17117,8505,3943831,13729
2011-07-01,Maui Island,14531,7319,3398095,11885
2011-07-01,Molokai Island,2223,1017,473965,1579
2011-07-01,Oahu Branch,96441,47857,20539933,73153
2011-07-01,STATE,164325,82041,35491686,126767
2011-08-01,Hawaii Branch,41935,21153,9185687,32297
2011-08-01,Kauai Branch,9689,4977,2053762,8291
2011-08-01,Lanai Island,359,168,72953,268
2011-08-01,Maui Branch,17003,8471,4009697,13596
2011-08-01,Maui Island,14409,7280,3454672,11739
2011-08-01,Molokai Island,2235,1023,482072,1589
2011-08-01,Oahu Branch,97466,48397,20805682,74055
2011-08-01,STATE,166093,82998,36054828,128239
2011-09-01,Hawaii Branch,42576,21487,9295822,32895
2011-09-01,Kauai Branch,9780,5010,2081631,8377
2011-09-01,Lanai Island,355,170,71833,264
2011-09-01,Maui Branch,17523,8660,4238849,14143
2011-09-01,Maui Island,14897,7451,3678581,12239
2011-09-01,Molokai Island,2271,1039,488435,1640
2011-09-01,Oahu Branch,98272,48765,20979208,74724
2011-09-01,STATE,168151,83922,36595510,130139
2011-10-01,Hawaii Branch,42730,21554,9397692,32918
2011-10-01,Kauai Branch,9738,4998,2072915,8303
2011-10-01,Lanai Island,366,174,76361,261
2011-10-01,Maui Branch,18694,9267,4291174,15163
2011-10-01,Maui Island,16059,8052,3721353,13240
2011-10-01,Molokai Island,2269,1041,493460,1662
2011-10-01,Oahu Branch,98243,48816,21147815,74685
2011-10-01,STATE,169405,84635,36909596,131069
2011-11-01,Hawaii Branch,43055,21789,9413842,33009
2011-11-01,Kauai Branch,9846,5052,2099245,8367
2011-11-01,Lanai Island,356,174,73486,266
2011-11-01,Maui Branch,19407,9678,4360043,15880
2011-11-01,Maui Island,16724,8441,3778028,13888
2011-11-01,Molokai Island,2327,1063,508529,1726
2011-11-01,Oahu Branch,99128,49044,21305137,75032
2011-11-01,STATE,171436,85563,37178267,132288
2011-12-01,Hawaii Branch,43318,21947,9457349,33192
2011-12-01,Kauai Branch,9885,5074,2097521,8387
2011-12-01,Lanai Island,355,174,77857,264
2011-12-01,Maui Branch,20242,10076,4505356,16569
2011-12-01,Maui Island,17550,8838,3922750,14601
2011-12-01,Molokai Island,2337,1064,504749,1704
2011-12-01,Oahu Branch,99698,49552,21416048,75934
2011-12-01,STATE,173143,86649,37476274,134082
2012-01-01,Hawaii Branch,43269,21256,9361023,33511
2012-01-01,Kauai Branch,9836,4973,2070647,8304
2012-01-01,Lanai Island,362,166,77094,261
2012-01-01,Maui Branch,20518,10003,4420881,16917
2012-01-01,Maui Island,17820,8850,3841987,14912
2012-01-01,Molokai Island,2336,987,501800,1744
2012-01-01,Oahu Branch,100163,49673,21215264,77506
2012-01-01,STATE,173786,85905,37067815,136238
2012-02-01,Hawaii Branch,43755,22226,9501944,34044
2012-02-01,Kauai Branch,9940,5166,2086812,8451
2012-02-01,Lanai Island,359,175,74263,270
2012-02-01,Maui Branch,20814,10463,4460234,17132
2012-02-01,Maui Island,18110,9225,3879423,15115
2012-02-01,Molokai Island,2345,1063,506548,1747
2012-02-01,Oahu Branch,100782,50008,21364642,78172
2012-02-01,STATE,175291,87863,37413632,137799
2012-03-01,Hawaii Branch,44097,22485,9656732,34494
2012-03-01,Kauai Branch,10049,5239,2122092,8569
2012-03-01,Lanai Island,363,179,77530,272
2012-03-01,Maui Branch,21081,10620,4515896,17403
2012-03-01,Maui Island,18332,9367,3921764,15345
2012-03-01,Molokai Island,2386,1074,516602,1786
2012-03-01,Oahu Branch,101502,50355,21467738,79224
2012-03-01,STATE,176729,88699,37762458,139690
2012-04-01,Hawaii Branch,44087,22498,9611498,34540
2012-04-01,Kauai Branch,9957,5188,2093142,8492
2012-04-01,Lanai Island,343,174,74078,251
2012-04-01,Maui Branch,21220,10742,4565872,17595
2012-04-01,Maui Island,18516,9504,3986179,15559
2012-04-01,Molokai Island,2361,1064,505615,1785
2012-04-01,Oahu Branch,100896,50159,21375071,78866
2012-04-01,STATE,176160,88587,37645583,139493
2012-05-01,Hawaii Branch,44379,22699,9679096,34837
2012-05-01,Kauai Branch,9991,5228,2105538,8502
2012-05-01,Lanai Island,360,178,78782,262
2012-05-01,Maui Branch,21428,10910,4619549,17847
2012-05-01,Maui Island,18656,9641,4025551,15757
2012-05-01,Molokai Island,2412,1091,515216,1828
2012-05-01,Oahu Branch,102089,50782,21688133,80012
2012-05-01,STATE,177887,89619,38092316,141198
2012-06-01,Hawaii Branch,44864,22915,9786009,35318
2012-06-01,Kauai Branch,9934,5202,2087849,8477
2012-06-01,Lanai Island,355,179,78953,261
2012-06-01,Maui Branch,21547,10958,4633562,17978
2012-06-01,Maui Island,18767,9682,4034470,15884
2012-06-01,Molokai Island,2425,1097,520139,1833
2012-06-01,Oahu Branch,103355,51459,21929626,81097
2012-06-01,STATE,179700,90534,38437046,142870
2012-07-01,Hawaii Branch,44973,23030,9824621,35415
2012-07-01,Kauai Branch,9878,5138,2077822,8411
2012-07-01,Lanai Island,372,182,84020,282
2012-07-01,Maui Branch,21880,11124,4720406,18280
2012-07-01,Maui Island,19096,9870,4117450,16194
2012-07-01,Molokai Island,2412,1072,518936,1804
2012-07-01,Oahu Branch,104002,51764,22100859,81660
2012-07-01,STATE,180733,91056,38723708,143766
2012-08-01,Hawaii Branch,45506,23297,9949177,35730
2012-08-01,Kauai Branch,9851,5129,2066890,8383
2012-08-01,Lanai Island,388,190,85552,295
2012-08-01,Maui Branch,22141,11260,4777979,18538
2012-08-01,Maui Island,19313,9979,4167863,16400
2012-08-01,Molokai Island,2440,1091,524564,1843
2012-08-01,Oahu Branch,105369,52428,22338465,82864
2012-08-01,STATE,182867,92114,39132511,145515
2012-09-01,Hawaii Branch,46065,23538,10051285,36113
2012-09-01,Kauai Branch,9922,5123,2069719,8484
2012-09-01,Lanai Island,374,182,82182,293
2012-09-01,Maui Branch,22590,11456,4844465,18955
2012-09-01,Maui Island,19736,10167,4229439,16795
2012-09-01,Molokai Island,2480,1107,532844,1867
2012-09-01,Oahu Branch,106157,52815,22477550,83639
2012-09-01,STATE,184734,92932,39443019,147191
2012-10-01,Hawaii Branch,46274,23703,10327959,36285
2012-10-01,Kauai Branch,9986,5157,2141883,8496
2012-10-01,Lanai Island,361,176,78404,271
2012-10-01,Maui Branch,22833,11577,5023695,19264
2012-10-01,Maui Island,19935,10259,4385564,17046
2012-10-01,Molokai Island,2537,1142,559727,1947
2012-10-01,Oahu Branch,107237,53482,23380602,84547
2012-10-01,STATE,186330,93919,40874139,148592
2012-11-01,Hawaii Branch,46530,23861,9124286,36561
2012-11-01,Kauai Branch,9884,5111,1961469,8416
2012-11-01,Lanai Island,360,175,66476,273
2012-11-01,Maui Branch,23023,11654,4637218,19423
2012-11-01,Maui Island,20083,10329,4099722,17181
2012-11-01,Molokai Island,2580,1150,471020,1969
2012-11-01,Oahu Branch,107597,53624,21327300,85038
2012-11-01,STATE,187034,94250,37050273,149438
2012-12-01,Hawaii Branch,46653,23958,10387091,36761
2012-12-01,Kauai Branch,10010,5167,2146635,8498
2012-12-01,Lanai Island,359,175,78640,275
2012-12-01,Maui Branch,23188,11780,5091867,19574
2012-12-01,Maui Island,20241,10444,4450329,17323
2012-12-01,Molokai Island,2588,1161,562898,1976
2012-12-01,Oahu Branch,108066,53947,23460507,85458
2012-12-01,STATE,187917,94852,41086100,150291
2013-01-01,Hawaii Branch,46682,24108,10326242,36728
2013-01-01,Kauai Branch,10089,5235,2150481,8600
2013-01-01,Lanai Island,359,176,79042,280
2013-01-01,Maui Branch,23380,11641,5117716,19727
2013-01-01,Maui Island,20434,10584,4481147,17492
2013-01-01,Molokai Island,2587,1160,557527,1955
2013-01-01,Oahu Branch,108612,54321,23435910,86088
2013-01-01,STATE,188763,95305,41030349,151143
2013-02-01,Hawaii Branch,46665,24149,10367183,36837
2013-02-01,Kauai Branch,10026,5217,2138744,8559
2013-02-01,Lanai Island,352,173,77348,272
2013-02-01,Maui Branch,23381,11986,5119846,19771
2013-02-01,Maui Island,20469,10659,4487957,17555
2013-02-01,Molokai Island,2560,1154,554541,1944
2013-02-01,Oahu Branch,108492,54294,23465079,86359
2013-02-01,STATE,188564,95646,41090852,151526
2013-03-01,Hawaii Branch,46768,24251,10390752,37169
2013-03-01,Kauai Branch,10031,5259,2149650,8621
2013-03-01,Lanai Island,343,171,76027,270
2013-03-01,Maui Branch,23453,12076,5154842,19870
2013-03-01,Maui Island,20546,10761,4522014,17653
2013-03-01,Molokai Island,2564,1144,556801,1947
2013-03-01,Oahu Branch,108681,54487,23506351,86989
2013-03-01,STATE,188933,96073,41201595,152649
2013-04-01,Hawaii Branch,46723,24296,10414970,37190
2013-04-01,Kauai Branch,10089,5271,2151524,8675
2013-04-01,Lanai Island,338,168,73164,264
2013-04-01,Maui Branch,23498,12109,5170676,19980
2013-04-01,Maui Island,20594,10793,4537801,17752
2013-04-01,Molokai Island,2566,1148,559711,1964
2013-04-01,Oahu Branch,109056,54731,23646662,87435
2013-04-01,STATE,189366,96407,41383832,153280
2013-05-01,Hawaii Branch,46797,24377,10412204,37275
2013-05-01,Kauai Branch,10012,5230,2136836,8605
2013-05-01,Lanai Island,328,164,72435,257
2013-05-01,Maui Branch,23477,12071,5166110,19989
2013-05-01,Maui Island,20618,10770,4541934,17785
2013-05-01,Molokai Island,2531,1137,551741,1947
2013-05-01,Oahu Branch,109361,54880,23705272,87620
2013-05-01,STATE,189647,96558,41420422,153489
2013-06-01,Hawaii Branch,47073,24485,10483062,37560
2013-06-01,Kauai Branch,9980,5222,2134508,8573
2013-06-01,Lanai Island,332,168,74134,263
2013-06-01,Maui Branch,23414,12060,5150709,19963
2013-06-01,Maui Island,20568,10758,4528432,17762
2013-06-01,Molokai Island,2514,1134,548143,1938
2013-06-01,Oahu Branch,109388,54910,23733773,87843
2013-06-01,STATE,189855,96677,41502052,153939
2013-07-01,Hawaii Branch,47321,24634,10561541,37645
2013-07-01,Kauai Branch,10064,5239,2143844,8724
2013-07-01,Lanai Island,353,173,77535,273
2013-07-01,Maui Branch,23512,12102,5154441,20105
2013-07-01,Maui Island,20635,10796,4518925,17879
2013-07-01,Molokai Island,2524,1133,557981,1953
2013-07-01,Oahu Branch,110612,55445,24100820,88904
2013-07-01,STATE,191509,97420,41960646,155378
2013-08-01,Hawaii Branch,47696,24810,10638320,38088
2013-08-01,Kauai Branch,10078,5212,2131013,8758
2013-08-01,Lanai Island,374,177,81210,290
2013-08-01,Maui Branch,23625,12126,5170590,20124
2013-08-01,Maui Island,20690,10795,4527281,17885
2013-08-01,Molokai Island,2561,1154,562099,1949
2013-08-01,Oahu Branch,110718,55481,24008433,89208
2013-08-01,STATE,192117,97629,41948356,156178
2013-09-01,Hawaii Branch,47731,24851,10610967,38173
2013-09-01,Kauai Branch,10120,5213,2140921,8718
2013-09-01,Lanai Island,384,183,82672,305
2013-09-01,Maui Branch,23467,12039,5130346,19997
2013-09-01,Maui Island,20510,10697,4483020,17728
2013-09-01,Molokai Island,2573,1159,564654,1964
2013-09-01,Oahu Branch,110844,55419,24014381,89362
2013-09-01,STATE,192162,97522,41896615,156250
2013-10-01,Hawaii Branch,48426,25258,11282370,38796
2013-10-01,Kauai Branch,10226,5260,2262082,8841
2013-10-01,Lanai Island,367,187,89267,293
2013-10-01,Maui Branch,23797,12229,5434900,20341
2013-10-01,Maui Island,20805,10868,4742556,18030
2013-10-01,Molokai Island,2625,1174,603077,2018
2013-10-01,Oahu Branch,112512,56334,25479676,90913
2013-10-01,STATE,194961,99081,44459028,158891
2013-11-01,Hawaii Branch,48158,25096,11167623,38461
2013-11-01,Kauai Branch,10057,5199,2215568,8698
2013-11-01,Lanai Island,395,190,91170,301
2013-11-01,Maui Branch,23633,12085,5364443,20190
2013-11-01,Maui Island,20674,10741,4690079,17920
2013-11-01,Molokai Island,2564,1154,583194,1969
2013-11-01,Oahu Branch,112088,56046,25200351,90734
2013-11-01,STATE,193936,98426,43947985,158083
2013-12-01,Hawaii Branch,48651,25319,11241811,38974
2013-12-01,Kauai Branch,10125,5249,2222369,8732
2013-12-01,Lanai Island,385,187,84331,295
2013-12-01,Maui Branch,23758,12153,5386504,20293
2013-12-01,Maui Island,20802,10810,4720456,18015
2013-12-01,Molokai Island,2571,1156,581717,1983
2013-12-01,Oahu Branch,112016,56086,25179354,90557
2013-12-01,STATE,194550,98807,44030038,158556
2014-01-01,Hawaii Branch,48775,25402,11229801,39097
2014-01-01,Kauai Branch,9894,5169,2171924,8553
2014-01-01,Lanai Island,387,187,83837,297
2014-01-01,Maui Branch,23846,12205,5378822,20336
2014-01-01,Maui Island,20888,10867,4720137,18067
2014-01-01,Molokai Island,2571,1151,574848,1972
2014-01-01,Oahu Branch,111382,55797,24867230,89996
2014-01-01,STATE,193897,98573,43647777,157982
2014-02-01,Hawaii Branch,48688,25372,11275370,39140
2014-02-01,Kauai Branch,9833,5124,2171096,8481
2014-02-01,Lanai Island,373,179,81511,290
2014-02-01,Maui Branch,23681,12141,5352296,20223
2014-02-01,Maui Island,20767,10807,4698087,17983
2014-02-01,Molokai Island,2541,1155,572698,1950
2014-02-01,Oahu Branch,111053,55567,24796068,89810
2014-02-01,STATE,193255,98204,43594830,157654
2014-03-01,Hawaii Branch,49038,25597,11312570,39520
2014-03-01,Kauai Branch,9783,5134,2155787,8421
2014-03-01,Lanai Island,368,177,78336,294
2014-03-01,Maui Branch,23779,12212,5379090,20417
2014-03-01,Maui Island,20846,10876,4721398,18131
2014-03-01,Molokai Island,2565,1159,579356,1992
2014-03-01,Oahu Branch,111330,55802,24902898,90308
2014-03-01,STATE,193930,98745,43750345,158666
2014-04-01,Hawaii Branch,48893,25539,11264570,39256
2014-04-01,Kauai Branch,9768,5142,2156837,8414
2014-04-01,Lanai Island,385,179,81739,295
2014-04-01,Maui Branch,23516,12105,5316316,20159
2014-04-01,Maui Island,20564,10763,4658198,17851
2014-04-01,Molokai Island,2567,1163,576379,2013
2014-04-01,Oahu Branch,111423,55902,24926687,90784
2014-04-01,STATE,193600,98688,43664410,158613
2014-05-01,Hawaii Branch,48987,25579,11295741,39268
2014-05-01,Kauai Branch,9804,5166,2167448,8433
2014-05-01,Lanai Island,381,181,81313,287
2014-05-01,Maui Branch,23507,12142,5316242,20168
2014-05-01,Maui Island,20580,10804,4665171,17922
2014-05-01,Molokai Island,2546,1157,569758,1959
2014-05-01,Oahu Branch,111695,55973,24984249,90941
2014-05-01,STATE,193993,98860,43763680,158810
2014-06-01,Hawaii Branch,49380,25761,11385727,39685
2014-06-01,Kauai Branch,9777,5170,2155039,8409
2014-06-01,Lanai Island,361,170,76710,284
2014-06-01,Maui Branch,23587,12166,5329664,20273
2014-06-01,Maui Island,20676,10839,4683638,18005
2014-06-01,Molokai Island,2550,1157,569316,1984
2014-06-01,Oahu Branch,112121,56223,25114208,91397
2014-06-01,STATE,194865,99320,43984638,159764
2014-07-01,Hawaii Branch,49536,25851,11398867,39840
2014-07-01,Kauai Branch,9859,5173,2169219,8483
2014-07-01,Lanai Island,377,175,82247,300
2014-07-01,Maui Branch,23728,12202,5354389,20415
2014-07-01,Maui Island,20801,10867,4700732,18129
2014-07-01,Molokai Island,2550,1160,571410,1986
2014-07-01,Oahu Branch,112580,56403,25200171,91751
2014-07-01,STATE,195703,99629,44122646,160489
2014-08-01,Hawaii Branch,49320,25684,11351224,39651
2014-08-01,Kauai Branch,9776,5100,2140727,8420
2014-08-01,Lanai Island,381,180,81114,309
2014-08-01,Maui Branch,23699,12188,5339925,20329
2014-08-01,Maui Island,20767,10850,4687529,18038
2014-08-01,Molokai Island,2551,1158,571282,1982
2014-08-01,Oahu Branch,112397,56376,25136092,91674
2014-08-01,STATE,195192,99348,43967968,160074
2014-09-01,Hawaii Branch,49754,25893,11425101,40140
2014-09-01,Kauai Branch,9766,5082,2139195,8424
2014-09-01,Lanai Island,403,189,84372,338
2014-09-01,Maui Branch,23885,12292,5380202,20562
2014-09-01,Maui Island,20918,10947,4720202,18223
2014-09-01,Molokai Island,2564,1156,575628,2001
2014-09-01,Oahu Branch,113015,56730,25253299,92085
2014-09-01,STATE,196420,99997,44197797,161211
2014-10-01,Hawaii Branch,49911,15997,11553308,40164
2014-10-01,Kauai Branch,9805,5098,2159758,8491
2014-10-01,Lanai Island,372,176,79270,309
2014-10-01,Maui Branch,23931,12257,5424596,20610
2014-10-01,Maui Island,20990,10922,4760984,18288
2014-10-01,Molokai Island,2569,1159,584342,2013
2014-10-01,Oahu Branch,112992,54801,25486030,92085
2014-10-01,STATE,196639,88153,44623692,161350
2014-11-01,Hawaii Branch,49762,25882,11492762,40183
2014-11-01,Kauai Branch,9692,5063,2132472,8407
2014-11-01,Lanai Island,373,182,79788,307
2014-11-01,Maui Branch,23785,12226,5389118,20538
2014-11-01,Maui Island,20841,10885,4723535,18204
2014-11-01,Molokai Island,2571,1159,585795,2027
2014-11-01,Oahu Branch,112387,56454,25281565,91443
2014-11-01,STATE,195626,99625,44295917,160571
2014-12-01,Hawaii Branch,49709,25952,11482063,40117
2014-12-01,Kauai Branch,9642,5039,2131922,8340
2014-12-01,Lanai Island,368,180,77329,295
2014-12-01,Maui Branch,23688,12195,5369298,20412
2014-12-01,Maui Island,20791,10868,4716165,18115
2014-12-01,Molokai Island,2529,1147,575804,2002
2014-12-01,Oahu Branch,111893,56356,25137868,90851
2014-12-01,STATE,194932,99542,44121151,159720
2015-01-01,Hawaii Branch,49151,25650,11246259,39686
2015-01-01,Kauai Branch,9686,5058,2118087,8351
2015-01-01,Lanai Island,362,177,74834,287
2015-01-01,Maui Branch,23369,12060,5261581,20164
2015-01-01,Maui Island,20494,10732,4615478,17881
2015-01-01,Molokai Island,2513,1151,571269,1996
2015-01-01,Oahu Branch,110710,55617,24631176,90017
2015-01-01,STATE,192916,98385,43257103,158218
2015-02-01,Hawaii Branch,49090,25666,11303582,39693
2015-02-01,Kauai Branch,9565,5006,2094387,8235
2015-02-01,Lanai Island,356,175,72180,286
2015-02-01,Maui Branch,23076,11907,5188888,19887
2015-02-01,Maui Island,20212,10587,4547185,17618
2015-02-01,Molokai Island,2508,1145,569523,1983
2015-02-01,Oahu Branch,109796,55275,24538967,89271
2015-02-01,STATE,191527,97854,43125824,157086
2015-03-01,Hawaii Branch,48664,25398,11189888,39453
2015-03-01,Kauai Branch,9467,4892,2068410,8119
2015-03-01,Lanai Island,362,177,74931,292
2015-03-01,Maui Branch,22900,11697,5104172,19711
2015-03-01,Maui Island,20025,10377,4464160,17431
2015-03-01,Molokai Island,2513,1143,565081,1988
2015-03-01,Oahu Branch,107054,53044,23751142,86814
2015-03-01,STATE,188085,95031,42113612,154097
2015-04-01,Hawaii Branch,48115,25015,10985867,39021
2015-04-01,Kauai Branch,9214,4780,1993286,7890
2015-04-01,Lanai Island,369,179,77262,298
2015-04-01,Maui Branch,22518,11540,5020017,19343
2015-04-01,Maui Island,19597,10208,4366403,17037
2015-04-01,Molokai Island,2552,1153,576352,2008
2015-04-01,Oahu Branch,105821,52302,23369075,85690
2015-04-01,STATE,185668,93637,41368245,151944
2015-05-01,Hawaii Branch,47796,24863,10910676,38871
2015-05-01,Kauai Branch,9224,4783,1996120,7917
2015-05-01,Lanai Island,352,172,73732,283
2015-05-01,Maui Branch,22520,11539,5026604,19374
2015-05-01,Maui Island,19562,10183,4356802,17047
2015-05-01,Molokai Island,2606,1184,596070,2044
2015-05-01,Oahu Branch,105466,52123,23282686,85627
2015-05-01,STATE,185006,93308,41216086,151789
2015-06-01,Hawaii Branch,47896,24960,10954282,38961
2015-06-01,Kauai Branch,9233,4773,1994892,7916
2015-06-01,Lanai Island,335,160,69057,271
2015-06-01,Maui Branch,22381,11469,4986793,19300
2015-06-01,Maui Island,19448,10123,4324403,16955
2015-06-01,Molokai Island,2598,1186,593333,2074
2015-06-01,Oahu Branch,105791,52316,23426767,86082
2015-06-01,STATE,185301,93518,41362734,152259
2015-07-01,Hawaii Branch,47812,24842,10920284,38987
2015-07-01,Kauai Branch,9132,4695,1972498,7848
2015-07-01,Lanai Island,319,148,65290,261
2015-07-01,Maui Branch,22253,11366,4961188,19118
2015-07-01,Maui Island,19264,10009,4283993,16753
2015-07-01,Molokai Island,2670,1209,611905,2104
2015-07-01,Oahu Branch,105268,52055,23232972,85567
2015-07-01,STATE,184465,92958,41086942,151520
2015-08-01,Hawaii Branch,47313,24585,10818769,38600
2015-08-01,Kauai Branch,9131,4706,1977979,7838
2015-08-01,Lanai Island,340,155,66589,284
2015-08-01,Maui Branch,22209,11311,4943597,19113
2015-08-01,Maui Island,19195,9936,4262433,16708
2015-08-01,Molokai Island,2674,1220,614575,2121
2015-08-01,Oahu Branch,104996,51799,23136819,85374
2015-08-01,STATE,183649,92401,40877164,150925
2015-09-01,Hawaii Branch,47055,24457,10779589,38327
2015-09-01,Kauai Branch,9181,4692,1971980,7864
2015-09-01,Lanai Island,312,155,67445,252
2015-09-01,Maui Branch,22067,11197,4938755,18967
2015-09-01,Maui Island,19095,9825,4256585,16624
2015-09-01,Molokai Island,2660,1217,614725,2091
2015-09-01,Oahu Branch,104624,51682,23065141,85096
2015-09-01,STATE,182927,92028,40755465,150254
2015-10-01,Hawaii Branch,46914,24335,11154034,38230
2015-10-01,Kauai Branch,9289,4740,2087941,7952
2015-10-01,Lanai Island,352,157,70977,296
2015-10-01,Maui Branch,21822,11058,5054580,18737
2015-10-01,Maui Island,18821,9689,4348900,16363
2015-10-01,Molokai Island,2649,1212,634703,2078
2015-10-01,Oahu Branch,104201,51413,23804040,84798
2015-10-01,STATE,182226,91546,42100595,149717
2015-11-01,Hawaii Branch,46678,24199,11109377,37964
2015-11-01,Kauai Branch,9301,4734,2085807,8028
2015-11-01,Lanai Island,331,148,69037,278
2015-11-01,Maui Branch,21730,11010,5035690,18724
2015-11-01,Maui Island,18736,9649,4337030,16325
2015-11-01,Molokai Island,2663,1213,629623,2121
2015-11-01,Oahu Branch,103566,51067,23616708,84132
2015-11-01,STATE,181275,91010,41847582,148848
2015-12-01,Hawaii Branch,45660,23920,10900309,37370
2015-12-01,Kauai Branch,9601,4840,2162125,8258
2015-12-01,Lanai Island,416,186,87955,350
2015-12-01,Maui Branch,21604,10960,4989780,18593
2015-12-01,Maui Island,18594,9581,4288360,16160
2015-12-01,Molokai Island,2594,1193,613465,2083
2015-12-01,Oahu Branch,103000,50895,23465152,83619
2015-12-01,STATE,179865,90615,41517366,147840
2016-01-01,Hawaii Branch,45601,23733,10771088,37121
2016-01-01,Kauai Branch,9679,4854,2164648,8328
2016-01-01,Lanai Island,395,180,83550,328
2016-01-01,Maui Branch,21348,10855,4898851,18339
2016-01-01,Maui Island,18361,9496,4210047,15920
2016-01-01,Molokai Island,2592,1179,605254,2091
2016-01-01,Oahu Branch,101509,50150,22990226,82254
2016-01-01,STATE,178137,89592,40824813,146042
2016-02-01,Hawaii Branch,44964,23513,10632311,36644
2016-02-01,Kauai Branch,10082,5068,2273773,8775
2016-02-01,Lanai Island,391,175,83573,327
2016-02-01,Maui Branch,21189,10786,4887240,18228
2016-02-01,Maui Island,18184,9420,4196090,15790
2016-02-01,Molokai Island,2614,1191,607577,2111
2016-02-01,Oahu Branch,101066,49914,22949285,81823
2016-02-01,STATE,177301,89281,40742609,145470
2016-03-01,Hawaii Branch,45023,23526,10644030,36875
2016-03-01,Kauai Branch,9787,4959,2192872,8522
2016-03-01,Lanai Island,381,174,81981,318
2016-03-01,Maui Branch,20961,10708,4839846,18068
2016-03-01,Maui Island,17962,9343,4145949,15627
2016-03-01,Molokai Island,2618,1191,611916,2123
2016-03-01,Oahu Branch,100334,49647,22754646,81384
2016-03-01,STATE,176105,88840,40431394,144849
2016-04-01,Hawaii Branch,45591,23755,10733036,37397
2016-04-01,Kauai Branch,8847,4555,1974835,7651
2016-04-01,Lanai Island,363,169,79632,296
2016-04-01,Maui Branch,20750,10600,4792899,17884
2016-04-01,Maui Island,17774,9238,4108657,15437
2016-04-01,Molokai Island,2613,1193,604610,2151
2016-04-01,Oahu Branch,99694,49396,22545726,80843
2016-04-01,STATE,174882,88306,40046496,143775
2016-05-01,Hawaii Branch,45508,23737,10740650,37403
2016-05-01,Kauai Branch,8818,4547,1977520,7619
2016-05-01,Lanai Island,354,165,75507,291
2016-05-01,Maui Branch,20657,10548,4793632,17840
2016-05-01,Maui Island,17704,9192,4106484,15386
2016-05-01,Molokai Island,2599,1191,611641,2163
2016-05-01,Oahu Branch,99569,49409,22601636,80692
2016-05-01,STATE,174552,88241,40113438,143554
2016-06-01,Hawaii Branch,45485,23689,10689487,37421
2016-06-01,Kauai Branch,8922,4573,1994612,7726
2016-06-01,Lanai Island,363,171,79213,298
2016-06-01,Maui Branch,20535,10467,4737838,17805
2016-06-01,Maui Island,17581,9107,4053277,15325
2016-06-01,Molokai Island,2591,1189,605348,2182
2016-06-01,Oahu Branch,99333,49340,22530153,80626
2016-06-01,STATE,174275,88069,39952090,143578
2016-07-01,Hawaii Branch,45236,23495,10632330,37267
2016-07-01,Kauai Branch,8863,4529,1981609,7657
2016-07-01,Lanai Island,353,171,76673,290
2016-07-01,Maui Branch,20521,10441,4746064,17839
2016-07-01,Maui Island,17594,9089,4069089,15396
2016-07-01,Molokai Island,2574,1181,600302,2153
2016-07-01,Oahu Branch,99119,49215,22459855,80544
2016-07-01,STATE,173739,87680,39819858,143307
2016-08-01,Hawaii Branch,45381,23516,10661912,37468
2016-08-01,Kauai Branch,9026,4579,2016359,7807
2016-08-01,Lanai Island,353,175,76868,286
2016-08-01,Maui Branch,20567,10501,4762666,17889
2016-08-01,Maui Island,17637,9140,4085078,15434
2016-08-01,Molokai Island,2577,1186,600720,2169
2016-08-01,Oahu Branch,99449,49295,22549575,80924
2016-08-01,STATE,174423,87891,39990512,144088
2016-09-01,Hawaii Branch,45350,23488,10657730,37524
2016-09-01,Kauai Branch,8921,4536,1990307,7715
2016-09-01,Lanai Island,353,176,76697,289
2016-09-01,Maui Branch,20393,10416,4697381,17665
2016-09-01,Maui Island,17482,9065,4025406,15258
2016-09-01,Molokai Island,2558,1175,595278,2118
2016-09-01,Oahu Branch,99005,49102,22430945,80548
2016-09-01,STATE,173669,87542,39776363,143452
2016-10-01,Hawaii Branch,45122,23342,11053924,37379
2016-10-01,Kauai Branch,8966,4551,2083168,7723
2016-10-01,Lanai Island,359,175,80242,302
2016-10-01,Maui Branch,20321,10393,4858484,17626
2016-10-01,Maui Island,17408,9033,4165046,15190
2016-10-01,Molokai Island,2554,1185,613196,2134
2016-10-01,Oahu Branch,98880,49143,23324620,80536
2016-10-01,STATE,173289,87429,41320196,143264
2016-11-01,Hawaii Branch,45062,23319,11037362,37349
2016-11-01,Kauai Branch,8864,4502,2057501,7616
2016-11-01,Lanai Island,374,181,83791,314
2016-11-01,Maui Branch,20124,10277,4792054,17434
2016-11-01,Maui Island,17232,8933,4108168,15056
2016-11-01,Molokai Island,2518,1163,600095,2064
2016-11-01,Oahu Branch,98384,48985,23207628,80217
2016-11-01,STATE,172434,87083,41094545,142616
2016-12-01,Hawaii Branch,44955,23315,10968609,37289
2016-12-01,Kauai Branch,8906,4534,2059723,7671
2016-12-01,Lanai Island,380,178,85106,321
2016-12-01,Maui Branch,20127,10295,4793848,17433
2016-12-01,Maui Island,17221,8953,4109169,15039
2016-12-01,Molokai Island,2526,1164,599573,2073
2016-12-01,Oahu Branch,97905,48861,23052765,79772
2016-12-01,STATE,171893,87005,40874945,142165
2017-01-01,Hawaii Branch,44880,23349,11154065,37198
2017-01-01,Kauai Branch,8878,4557,2064310,7664
2017-01-01,Lanai Island,368,174,81796,309
2017-01-01,Maui Branch,19959,9077,4728824,17275
2017-01-01,Maui Island,17104,8907,4060652,14930
2017-01-01,Molokai Island,2487,1148,586376,2036
2017-01-01,Oahu Branch,97484,48769,22902707,79466
2017-01-01,STATE,171201,85752,40849906,141603
2017-02-01,Hawaii Branch,44536,23143,10851724,36958
2017-02-01,Kauai Branch,8650,4434,2010637,7458
2017-02-01,Lanai Island,372,175,82111,311
2017-02-01,Maui Branch,19756,10175,4700100,17159
2017-02-01,Maui Island,16896,8859,4034482,14782
2017-02-01,Molokai Island,2488,1141,583507,2066
2017-02-01,Oahu Branch,96377,48243,22621228,78545
2017-02-01,STATE,169319,85995,40183689,140120
2017-03-01,Hawaii Branch,44435,23184,10805850,36859
2017-03-01,Kauai Branch,8709,4490,2024226,7508
2017-03-01,Lanai Island,361,171,78861,303
2017-03-01,Maui Branch,19771,10233,4718565,17234
2017-03-01,Maui Island,16951,8921,4059780,14879
2017-03-01,Molokai Island,2459,1141,579924,2052
2017-03-01,Oahu Branch,96123,48276,22575063,78521
2017-03-01,STATE,169038,86183,40123704,140122
2017-04-01,Hawaii Branch,44082,22986,0,36543
2017-04-01,Kauai Branch,8492,4404,1982555,7305
2017-04-01,Lanai Island,355,170,76753,296
2017-04-01,Maui Branch,19507,10081,4649323,16916
2017-04-01,Maui Island,16679,8768,3987188,14542
2017-04-01,Molokai Island,2473,1143,585382,2078
2017-04-01,Oahu Branch,95285,47873,22390131,77792
2017-04-01,STATE,167366,85344,39728736,138556
2017-05-01,Hawaii Branch,43987,23043,10688907,36376
2017-05-01,Kauai Branch,8448,4378,1975712,7245
2017-05-01,Lanai Island,360,172,78933,301
2017-05-01,Maui Branch,19542,10080,4664836,16976
2017-05-01,Maui Island,16706,8761,3998959,14573
2017-05-01,Molokai Island,2476,1147,586944,2102
2017-05-01,Oahu Branch,94934,47780,22344974,77385
2017-05-01,STATE,166911,85281,39674429,137982
2017-06-01,Hawaii Branch,44043,23094,10708229,36521
2017-06-01,Kauai Branch,8433,4360,1960972,7249
2017-06-01,Lanai Island,368,177,81119,304
2017-06-01,Maui Branch,19449,10004,4628084,16887
2017-06-01,Maui Island,16579,8675,3949152,14456
2017-06-01,Molokai Island,2502,1152,597813,2127
2017-06-01,Oahu Branch,94998,47780,22329932,77448
2017-06-01,STATE,166923,85238,39627217,138105
2017-07-01,Hawaii Branch,43986,22993,10714316,36486
2017-07-01,Kauai Branch,8417,4339,4960775,7262
2017-07-01,Lanai Island,364,171,78157,300
2017-07-01,Maui Branch,19374,9964,4612281,16822
2017-07-01,Maui Island,16484,8636,3920377,14363
2017-07-01,Molokai Island,2526,1157,613747,2159
2017-07-01,Oahu Branch,95030,47812,22410925,77664
2017-07-01,STATE,166807,85108,42698297,138234
2017-08-01,Hawaii Branch,43853,22899,10650185,36400
2017-08-01,Kauai Branch,8497,4358,1974541,7371
2017-08-01,Lanai Island,360,174,76742,304
2017-08-01,Maui Branch,19328,9938,4587834,16801
2017-08-01,Maui Island,16418,8600,3902793,14324
2017-08-01,Molokai Island,2550,1164,608299,2173
2017-08-01,Oahu Branch,95283,47902,22474343,77985
2017-08-01,STATE,166961,85097,39686903,138557
2017-09-01,Hawaii Branch,44031,22944,10673028,36569
2017-09-01,Kauai Branch,8372,4279,0,7258
2017-09-01,Lanai Island,356,172,74983,302
2017-09-01,Maui Branch,19079,9823,4529255,16541
2017-09-01,Maui Island,16190,8486,3848188,14082
2017-09-01,Molokai Island,2533,1165,606084,2157
2017-09-01,Oahu Branch,94916,47872,22338006,77652
2017-09-01,STATE,166398,84918,39471477,138020
2017-10-01,Hawaii Branch,44123,22953,10883051,36703
2017-10-01,Kauai Branch,8401,4331,1978132,7269
2017-10-01,Lanai Island,333,163,74122,277
2017-10-01,Maui Branch,19087,9814,4624096,16533
2017-10-01,Maui Island,16205,8477,3929093,14071
2017-10-01,Molokai Island,2549,1174,620881,2185
2017-10-01,Oahu Branch,95211,48027,22877434,77960
2017-10-01,STATE,166822,85125,40362713,138465
2017-11-01,Hawaii Branch,43923,22872,10828916,36588
2017-11-01,Kauai Branch,8401,4325,1964484,7259
2017-11-01,Lanai Island,337,170,76444,276
2017-11-01,Maui Branch,18963,9757,4576819,16419
2017-11-01,Maui Island,16111,8424,3890060,13983
2017-11-01,Molokai Island,2515,1163,610315,2160
2017-11-01,Oahu Branch,94859,47879,22747487,77557
2017-11-01,STATE,166146,84833,40117706,137823
2017-12-01,Hawaii Branch,43733,22779,10766615,36434
2017-12-01,Kauai Branch,8316,4308,1956372,7184
2017-12-01,Lanai Island,336,171,77132,274
2017-12-01,Maui Branch,18868,9718,4551294,16281
2017-12-01,Maui Island,16059,8404,3872078,13896
2017-12-01,Molokai Island,2473,1143,602084,2111
2017-12-01,Oahu Branch,94345,47675,22613644,77213
2017-12-01,STATE,165262,84480,39887925,137112
2018-01-01,Hawaii Branch,43497,22565,10684461,36308
2018-01-01,Kauai Branch,8340,4312,1950365,7186
2018-01-01,Lanai Island,334,173,76309,275
2018-01-01,Maui Branch,18973,9768,4575536,16365
2018-01-01,Maui Island,16192,8464,3908742,14011
2018-01-01,Molokai Island,2447,1131,590485,2079
2018-01-01,Oahu Branch,94830,47713,22511182,77223
2018-01-01,STATE,165640,84358,39721544,137082
2018-02-01,Hawaii Branch,43248,22583,10601044,36160
2018-02-01,Kauai Branch,8158,4245,1899753,7074
2018-02-01,Lanai Island,328,172,74702,270
2018-02-01,Maui Branch,18610,9576,4457228,16054
2018-02-01,Maui Island,15870,8287,3796747,13728
2018-02-01,Molokai Island,2412,1117,585779,2056
2018-02-01,Oahu Branch,93382,47288,22267798,76439
2018-02-01,STATE,163398,83692,39225823,135727
2018-03-01,Hawaii Branch,42994,22498,10531593,35969
2018-03-01,Kauai Branch,8137,4225,1902442,7055
2018-03-01,Lanai Island,344,176,81960,292
2018-03-01,Maui Branch,18669,9631,4473987,16190
2018-03-01,Maui Island,15933,8334,3811296,13844
2018-03-01,Molokai Island,2392,1121,580731,2054
2018-03-01,Oahu Branch,93422,47366,22284141,76500
2018-03-01,STATE,163222,83720,39192163,135714
2018-04-01,Hawaii Branch,42829,22469,10513070,35817
2018-04-01,Kauai Branch,8071,4186,1894575,6971
2018-04-01,Lanai Island,334,174,77281,291
2018-04-01,Maui Branch,18385,9559,4422384,15979
2018-04-01,Maui Island,15649,8258,3761519,13619
2018-04-01,Molokai Island,2402,1127,583584,2069
2018-04-01,Oahu Branch,93004,47271,22225414,76297
2018-04-01,STATE,162289,83485,39055443,135064
2018-05-01,Hawaii Branch,42764,22414,10479493,35787
2018-05-01,Kauai Branch,8029,4191,1892623,6910
2018-05-01,Lanai Island,345,178,79285,302
2018-05-01,Maui Branch,18273,9485,4391014,15907
2018-05-01,Maui Island,15537,8188,3730949,13536
2018-05-01,Molokai Island,2391,1119,580780,2069
2018-05-01,Oahu Branch,92940,47190,22164699,76310
2018-05-01,STATE,162006,83280,38927829,134914
2018-06-01,Hawaii Branch,42813,22443,10463513,35840
2018-06-01,Kauai Branch,8068,4198,1908299,6925
2018-06-01,Lanai Island,348,179,80988,297
2018-06-01,Maui Branch,18397,9509,4417564,16070
2018-06-01,Maui Island,15652,8207,3755269,13688
2018-06-01,Molokai Island,2397,1123,581307,2085
2018-06-01,Oahu Branch,93221,47322,22226928,76660
2018-06-01,STATE,162499,83472,39016304,135495
2018-07-01,Hawaii Branch,42882,22424,10523276,35953
2018-07-01,Kauai Branch,8015,4192,1897224,6887
2018-07-01,Lanai Island,356,185,85521,312
2018-07-01,Maui Branch,18352,9510,4413563,16030
2018-07-01,Maui Island,15589,8199,3744454,13632
2018-07-01,Molokai Island,2407,1126,583588,2086
2018-07-01,Oahu Branch,93011,47235,22216678,76562
2018-07-01,STATE,162260,83361,39050741,135432
2018-08-01,Hawaii Branch,42669,22317,10444904,35863
2018-08-01,Kauai Branch,7976,4171,1877517,6895
2018-08-01,Lanai Island,362,181,87556,302
2018-08-01,Maui Branch,18139,9358,4355344,15837
2018-08-01,Maui Island,15371,8051,3681583,13436
2018-08-01,Molokai Island,2406,1126,586205,2099
2018-08-01,Oahu Branch,92866,47080,22129650,76373
2018-08-01,STATE,161650,82926,38807415,134968
2018-09-01,Hawaii Branch,42593,22246,10406515,35755
2018-09-01,Kauai Branch,7996,4153,1877001,6903
2018-09-01,Lanai Island,375,191,88768,319
2018-09-01,Maui Branch,18128,9361,4352752,15849
2018-09-01,Maui Island,15339,8040,3677590,13426
2018-09-01,Molokai Island,2414,1130,586394,2104
2018-09-01,Oahu Branch,92833,47055,22107494,76391
2018-09-01,STATE,161550,82815,38743762,134898
2018-10-01,Hawaii Branch,42418,22180,10449049,35539
2018-10-01,Kauai Branch,8031,4173,1905627,6941
2018-10-01,Lanai Island,359,186,86239,304
2018-10-01,Maui Branch,18116,9354,4366004,15830
2018-10-01,Maui Island,15374,8040,3700166,13466
2018-10-01,Molokai Island,2383,1128,579599,2060
2018-10-01,Oahu Branch,92789,47099,22232760,76220
2018-10-01,STATE,161354,82806,38953440,134530
2018-11-01,Hawaii Branch,42269,22112,10369769,35376
2018-11-01,Kauai Branch,7890,4104,1851810,6831
2018-11-01,Lanai Island,376,194,91046,316
2018-11-01,Maui Branch,17922,9216,4295956,15651
2018-11-01,Maui Island,15181,7907,3630124,13292
2018-11-01,Molokai Island,2365,1115,574786,2043
2018-11-01,Oahu Branch,92253,46911,22065454,75659
2018-11-01,STATE,160334,82343,38582989,133517
2018-12-01,Hawaii Branch,42127,22020,10336184,35230
2018-12-01,Kauai Branch,7768,4095,1825014,6693
2018-12-01,Lanai Island,363,192,88418,313
2018-12-01,Maui Branch,17747,9113,4252723,15514
2018-12-01,Maui Island,15041,7822,3594085,13174
2018-12-01,Molokai Island,2343,1099,570220,2027
2018-12-01,Oahu Branch,92011,46921,22019146,75323
2018-12-01,STATE,159653,82149,38433067,132760
2019-01-01,Hawaii Branch,41983,21958,10256049,35116
2019-01-01,Kauai Branch,7857,4113,1834856,6788
2019-01-01,Lanai Island,371,197,88924,319
2019-01-01,Maui Branch,17546,8998,4174445,15327
2019-01-01,Maui Island,14836,7704,3521450,12998
2019-01-01,Molokai Island,2339,1097,564071,2010
2019-01-01,Oahu Branch,91563,46764,21753730,75042
2019-01-01,STATE,158949,81833,38019080,132273
2019-02-01,Hawaii Branch,42092,22003,10291803,35236
2019-02-01,Kauai Branch,7834,4085,1834632,6762
2019-02-01,Lanai Island,376,199,89432,326
2019-02-01,Maui Branch,17638,9005,4194981,15424
2019-02-01,Maui Island,14922,7716,3540278,13082
2019-02-01,Molokai Island,2340,1090,565271,2016
2019-02-01,Oahu Branch,91017,46476,21627079,74421
2019-02-01,STATE,158581,81569,37948495,131843
2019-03-01,Hawaii Branch,40918,21475,9954467,34088
2019-03-01,Kauai Branch,7739,4058,1806138,6644
2019-03-01,Lanai Island,319,176,74260,271
2019-03-01,Maui Branch,17055,8718,4039660,14862
2019-03-01,Maui Island,14406,7459,3404411,12597
2019-03-01,Molokai Island,2330,1083,560989,1994
2019-03-01,Oahu Branch,90190,46170,21386027,73846
2019-03-01,STATE,155902,80421,37186292,129440
2019-04-01,Hawaii Branch,40739,21439,9957060,33959
2019-04-01,Kauai Branch,7573,4008,1773022,6486
2019-04-01,Lanai Island,311,174,72114,268
2019-04-01,Maui Branch,16797,8612,4021698,14626
2019-04-01,Maui Island,14181,7367,3394297,12375
2019-04-01,Molokai Island,2305,1071,555287,1983
2019-04-01,Oahu Branch,89417,45870,21245939,73199
2019-04-01,STATE,154526,79929,36997719,128270
2019-05-01,Hawaii Branch,40638,21374,9926066,33862
2019-05-01,Kauai Branch,7619,4022,1789407,6554
2019-05-01,Lanai Island,319,178,75225,275
2019-05-01,Maui Branch,16648,8572,3966061,14525
2019-05-01,Maui Island,13986,7301,3329538,12238
2019-05-01,Molokai Island,2343,1093,561298,2012
2019-05-01,Oahu Branch,89713,45966,21330791,73503
2019-05-01,STATE,154618,79934,37012325,128444
2019-06-01,Hawaii Branch,40404,21268,9858234,33675
2019-06-01,Kauai Branch,7595,4011,1779836,6541
2019-06-01,Lanai Island,333,183,79010,290
2019-06-01,Maui Branch,16455,8471,3919428,14337
2019-06-01,Maui Island,13806,7196,3283548,12062
2019-06-01,Molokai Island,2316,1092,556870,1985
2019-06-01,Oahu Branch,89707,45952,21327628,73570
2019-06-01,STATE,154161,79702,36885126,128123
2019-07-01,Hawaii Branch,40742,21441,9950315,34022
2019-07-01,Kauai Branch,7630,4009,1792612,6614
2019-07-01,Lanai Island,351,183,84634,307
2019-07-01,Maui Branch,16309,8344,3888802,14215
2019-07-01,Maui Island,13588,7054,3229040,11887
2019-07-01,Molokai Island,2370,1107,575128,2021
2019-07-01,Oahu Branch,89988,46017,21440666,74078
2019-07-01,STATE,154669,79811,37072395,128929
2019-08-01,Hawaii Branch,41015,21551,10008384,34230
2019-08-01,Kauai Branch,7609,3995,1790449,6581
2019-08-01,Lanai Island,360,188,88038,318
2019-08-01,Maui Branch,16229,8314,3864582,14151
2019-08-01,Maui Island,13460,6998,3189105,11767
2019-08-01,Molokai Island,2409,1128,587439,2066
2019-08-01,Oahu Branch,89789,45953,21356227,73890
2019-08-01,STATE,154642,79813,37019642,128852
2019-09-01,Hawaii Branch,41161,21632,10031776,34424
2019-09-01,Kauai Branch,7662,4017,1793811,6637
2019-09-01,Lanai Island,350,180,84668,309
2019-09-01,Maui Branch,15978,8175,3805445,13946
2019-09-01,Maui Island,13249,6877,3145435,11572
2019-09-01,Molokai Island,2379,1118,575342,2065
2019-09-01,Oahu Branch,90492,46174,21540557,74615
2019-09-01,STATE,155293,79998,37171589,129622
2019-10-01,Hawaii Branch,41088,21615,10024285,34401
2019-10-01,Kauai Branch,7600,3979,1771385,6575
2019-10-01,Lanai Island,367,184,90421,321
2019-10-01,Maui Branch,16033,8225,3831927,14037
2019-10-01,Maui Island,13268,6914,3160073,11624
2019-10-01,Molokai Island,2398,1127,581433,2092
2019-10-01,Oahu Branch,90340,46141,21511975,74509
2019-10-01,STATE,155061,79960,37139572,129522
2019-11-01,Hawaii Branch,40874,21467,9936765,34141
2019-11-01,Kauai Branch,7511,3926,1753744,6466
2019-11-01,Lanai Island,376,184,89336,329
2019-11-01,Maui Branch,16180,8335,3836488,14131
2019-11-01,Maui Island,13403,7018,3163802,11691
2019-11-01,Molokai Island,2401,1133,583350,2111
2019-11-01,Oahu Branch,89952,45977,21378982,74146
2019-11-01,STATE,154517,79705,36905979,128884
2019-12-01,Hawaii Branch,40686,21458,9930367,33984
2019-12-01,Kauai Branch,7475,3908,1745676,6446
2019-12-01,Lanai Island,382,190,93542,335
2019-12-01,Maui Branch,16417,8475,3910567,14329
2019-12-01,Maui Island,13623,7147,3230552,11875
2019-12-01,Molokai Island,2412,1138,586473,2119
2019-12-01,Oahu Branch,89799,46007,21360884,74003
2019-12-01,STATE,154377,79848,36947494,128762
2020-01-01,Hawaii Branch,40466,21414,9786825,33744
2020-01-01,Kauai Branch,7409,3880,1718345,6388
2020-01-01,Lanai Island,374,189,88256,330
2020-01-01,Maui Branch,16354,8492,3864222,14219
2020-01-01,Maui Island,13606,7190,3202722,11823
2020-01-01,Molokai Island,2374,1113,573244,2066
2020-01-01,Oahu Branch,89405,45841,21110105,73734
2020-01-01,STATE,153634,79627,36479497,128085
2020-02-01,Hawaii Branch,40174,21343,9705945,33474
2020-02-01,Kauai Branch,7437,3882,1725576,6445
2020-02-01,Lanai Island,364,181,86647,318
2020-02-01,Maui Branch,16335,8454,3851265,14206
2020-02-01,Maui Island,13616,7181,3195146,11851
2020-02-01,Molokai Island,2355,1092,569472,2037
2020-02-01,Oahu Branch,88306,45275,20838707,72707
2020-02-01,STATE,152252,78954,36121493,126832
2020-03-01,Hawaii Branch,40409,21508,9784991,33625
2020-03-01,Kauai Branch,7603,3969,1780222,6590
2020-03-01,Lanai Island,371,185,88216,322
2020-03-01,Maui Branch,16298,8485,3856208,14165
2020-03-01,Maui Island,13570,7198,3198121,11818
2020-03-01,Molokai Island,2357,1102,569871,2025
2020-03-01,Oahu Branch,88737,45612,20987773,72955
2020-03-01,STATE,153047,79574,36409194,127335
2020-04-01,Hawaii Branch,44200,23555,10767437,36794
2020-04-01,Kauai Branch,9500,4925,2267032,8261
2020-04-01,Lanai Island,415,210,100386,360
2020-04-01,Maui Branch,19289,10062,4647025,16781
2020-04-01,Maui Island,16403,8701,3941064,14307
2020-04-01,Molokai Island,2471,1151,605575,2114
2020-04-01,Oahu Branch,98462,50877,23566259,81030
2020-04-01,STATE,171451,89419,41247753,142866
2020-05-01,Hawaii Branch,45650,25102,18581890,42901
2020-05-01,Kauai Branch,9943,5476,4198498,9434
2020-05-01,Lanai Island,425,228,171473,401
2020-05-01,Maui Branch,20331,11258,8467454,19255
2020-05-01,Maui Island,17420,9824,7319872,16563
2020-05-01,Molokai Island,2486,1206,976109,2291
2020-05-01,Oahu Branch,101645,54744,41593091,95983
2020-05-01,STATE,177569,96580,72840933,167573
2020-06-01,Hawaii Branch,46515,25472,15088304,43421
2020-06-01,Kauai Branch,9934,5462,3264825,9336
2020-06-01,Lanai Island,453,233,144147,428
2020-06-01,Maui Branch,19700,11191,6541759,18534
2020-06-01,Maui Island,16718,9740,5596134,15771
2020-06-01,Molokai Island,2529,1218,801478,2335
2020-06-01,Oahu Branch,104152,55555,33710668,97682
2020-06-01,STATE,180301,97680,58605556,168973
2020-07-01,Hawaii Branch,45329,25394,14754992,42374
2020-07-01,Kauai Branch,8952,5233,2966980,8424
2020-07-01,Lanai Island,441,235,142075,417
2020-07-01,Maui Branch,19343,10986,6325198,18225
2020-07-01,Maui Island,16375,9529,5386100,15471
2020-07-01,Molokai Island,2527,1222,797023,2337
2020-07-01,Oahu Branch,102892,55769,33269296,96562
2020-07-01,STATE,176516,97382,57316466,165585
2020-08-01,Hawaii Branch,45442,25213,14654491,42516
2020-08-01,Kauai Branch,8650,4989,2776059,8098
2020-08-01,Lanai Island,447,232,141837,421
2020-08-01,Maui Branch,19890,11130,6379520,18681
2020-08-01,Maui Island,17007,9693,5463142,16013
2020-08-01,Molokai Island,2436,1205,774541,2247
2020-08-01,Oahu Branch,103101,55933,33245646,96792
2020-08-01,STATE,177083,97265,57055716,166087
2020-09-01,Hawaii Branch,45307,25023,14757469,42305
2020-09-01,Kauai Branch,9261,5067,3047840,8609
2020-09-01,Lanai Island,446,235,142668,419
2020-09-01,Maui Branch,20463,11302,6755577,19225
2020-09-01,Maui Island,17592,9881,5825747,16523
2020-09-01,Molokai Island,2425,1186,787162,2283
2020-09-01,Oahu Branch,104174,56117,33929613,97673
2020-09-01,STATE,179205,97509,58490499,167812
2020-10-01,Hawaii Branch,44526,24662,15225775,41477
2020-10-01,Kauai Branch,9415,5177,3291026,8734
2020-10-01,Lanai Island,427,221,146423,398
2020-10-01,Maui Branch,20604,11333,7102199,19189
2020-10-01,Maui Island,17739,9938,6145211,16543
2020-10-01,Molokai Island,2438,1174,810565,2248
2020-10-01,Oahu Branch,103247,56109,35370841,96403
2020-10-01,STATE,177792,97281,60989841,165803
2020-11-01,Hawaii Branch,45805,24845,15814426,42733
2020-11-01,Kauai Branch,9911,5288,3440328,9206
2020-11-01,Lanai Island,436,221,148156,410
2020-11-01,Maui Branch,21810,11726,7637798,20296
2020-11-01,Maui Island,18888,10329,6659573,17592
2020-11-01,Molokai Island,2486,1176,830069,2294
2020-11-01,Oahu Branch,107187,56914,37034514,100105
2020-11-01,STATE,184713,98773,63927066,172340
2020-12-01,Hawaii Branch,46823,25421,15908291,43743
2020-12-01,Kauai Branch,10218,5452,3475325,9536
2020-12-01,Lanai Island,449,225,150420,421
2020-12-01,Maui Branch,22478,12164,7693859,20927
2020-12-01,Maui Island,19528,10756,6714190,18185
2020-12-01,Molokai Island,2501,1183,829249,2321
2020-12-01,Oahu Branch,109766,58447,37268839,102387
2020-12-01,STATE,189285,101484,64346314,176593
2021-01-01,Hawaii Branch,47663,25927,18604084,45113
2021-01-01,Kauai Branch,10703,5692,4167691,10059
2021-01-01,Lanai Island,452,228,175341,427
2021-01-01,Maui Branch,23265,12600,9091544,21826
2021-01-01,Maui Island,20291,11183,7958810,19048
2021-01-01,Molokai Island,2522,1189,957393,2351
2021-01-01,Oahu Branch,112130,59755,43672952,106150
2021-01-01,STATE,193761,103974,75536271,183148
2021-02-01,Hawaii Branch,48466,26380,18990981,45470
2021-02-01,Kauai Branch,11067,5914,4373564,10357
2021-02-01,Lanai Island,460,228,176174,432
2021-02-01,Maui Branch,24084,13005,9499473,22450
2021-02-01,Maui Island,21093,11582,8363474,19662
2021-02-01,Molokai Island,2531,1195,959825,2356
2021-02-01,Oahu Branch,114341,61011,44675798,106990
2021-02-01,STATE,197958,106310,77539816,185267
2021-03-01,Hawaii Branch,49032,26775,19210164,46111
2021-03-01,Kauai Branch,11322,6046,4452481,10587
2021-03-01,Lanai Island,463,230,180472,435
2021-03-01,Maui Branch,24509,13266,9652413,22852
2021-03-01,Maui Island,21500,11828,8497240,20050
2021-03-01,Molokai Island,2546,1208,974701,2367
2021-03-01,Oahu Branch,116330,62153,45554114,109063
2021-03-01,STATE,201193,108240,78869172,188613
2021-04-01,Hawaii Branch,49340,26979,19260329,46391
2021-04-01,Kauai Branch,11355,6059,4416593,10626
2021-04-01,Lanai Island,464,229,178129,432
2021-04-01,Maui Branch,24661,13368,9646652,23033
2021-04-01,Maui Island,21630,11922,8491509,20219
2021-04-01,Molokai Island,2567,1217,977014,2382
2021-04-01,Oahu Branch,117466,62857,45756079,110120
2021-04-01,STATE,202822,109263,79079653,190170
2021-07-01,Hawaii Branch,50033,27547,20660018,47791
2021-07-01,Kauai Branch,11444,6152,4723058,10853
2021-07-01,Lanai Island,466,233,186475,443
2021-07-01,Maui Branch,24939,13595,10341025,23661
2021-07-01,Maui Island,21886,12139,9117782,20763
2021-07-01,Molokai Island,2587,1223,1036768,2455
2021-07-01,Oahu Branch,119810,64606,49282422,114377
2021-07-01,STATE,206226,111900,85006523,196682
2021-08-01,Hawaii Branch,47811,27601,19987860,45727
2021-08-01,Kauai Branch,10590,6188,4455254,10075
2021-08-01,Lanai Island,444,234,181251,428
2021-08-01,Maui Branch,23319,13662,9867002,22188
2021-08-01,Maui Island,20387,12202,8685983,19380
2021-08-01,Molokai Island,2488,1226,999768,2380
2021-08-01,Oahu Branch,115412,65010,47937628,110450
2021-08-01,STATE,197132,112461,82247744,188440
2021-09-01,Hawaii Branch,46057,26422,19289676,44064
2021-09-01,Kauai Branch,10053,5870,4209200,9587
2021-09-01,Lanai Island,427,232,173804,405
2021-09-01,Maui Branch,22196,12992,9350268,21156
2021-09-01,Maui Island,19308,11562,8192136,18401
2021-09-01,Molokai Island,2461,1198,984328,2350
2021-09-01,Oahu Branch,111650,63133,46494916,106876
2021-09-01,STATE,189956,108417,79344060,181683
2021-10-01,Hawaii Branch,44147,25896,20320245,42208
2021-10-01,Kauai Branch,9677,5683,4468247,9264
2021-10-01,Lanai Island,374,221,171505,359
2021-10-01,Maui Branch,20777,12517,9681100,19822
2021-10-01,Maui Island,18037,11120,8459563,17199
2021-10-01,Molokai Island,2366,1176,1050032,2264
2021-10-01,Oahu Branch,108031,61616,49475670,103211
2021-10-01,STATE,182632,105712,83945262,174505
2021-11-01,Hawaii Branch,41228,24728,19109970,39338
2021-11-01,Kauai Branch,9118,5425,4195016,8757
2021-11-01,Lanai Island,354,204,161526,334
2021-11-01,Maui Branch,18920,11706,8833339,18021
2021-11-01,Maui Island,16289,10369,7661231,15506
2021-11-01,Molokai Island,2277,1133,1010582,2181
2021-11-01,Oahu Branch,101953,59215,46860128,97425
2021-11-01,STATE,171219,101074,78998453,163541
2021-12-01,Hawaii Branch,40175,23629,18817751,38262
2021-12-01,Kauai Branch,8749,5125,4003726,8393
2021-12-01,Lanai Island,342,198,163766,327
2021-12-01,Maui Branch,18244,10973,8625116,17347
2021-12-01,Maui Island,15626,9667,7453641,14827
2021-12-01,Molokai Island,2276,1108,1007709,2193
2021-12-01,Oahu Branch,98971,56838,45842716,94352
2021-12-01,STATE,166139,96565,77289309,158354
2022-01-01,Hawaii Branch,41617,22848,18819046,39626
2022-01-01,Kauai Branch,8916,4897,3978093,8527
2022-01-01,Lanai Island,342,185,153040,327
2022-01-01,Maui Branch,18896,10499,8643294,17996
2022-01-01,Maui Island,16232,9220,7491245,15434
2022-01-01,Molokai Island,2322,1094,999009,2235
2022-01-01,Oahu Branch,101169,55008,45630546,96406
2022-01-01,STATE,170598,93252,77070979,162555
2022-02-01,Hawaii Branch,41952,23438,19446171,40012
2022-02-01,Kauai Branch,8926,4994,4091371,8552
2022-02-01,Lanai Island,351,191,158905,328
2022-02-01,Maui Branch,19023,10825,9026281,18222
2022-02-01,Maui Island,16352,9529,7841513,15658
2022-02-01,Molokai Island,2320,1105,1025863,2236
2022-02-01,Oahu Branch,101370,55933,46812170,96855
2022-02-01,STATE,171271,95190,79375993,163641
2022-03-01,Hawaii Branch,42051,23648,19208882,40183
2022-03-01,Kauai Branch,8986,5004,4075531,8590
2022-03-01,Lanai Island,351,190,155583,331
2022-03-01,Maui Branch,19195,10911,8844212,18433
2022-03-01,Maui Island,16512,9604,7667489,15856
2022-03-01,Molokai Island,2332,1117,1021140,2246
2022-03-01,Oahu Branch,102822,56615,47353741,98379
2022-03-01,STATE,173054,96178,79482366,165585
2022-04-01,Hawaii Branch,41776,23694,19084299,39931
2022-04-01,Kauai Branch,8932,4974,4028224,8563
2022-04-01,Lanai Island,354,192,155757,334
2022-04-01,Maui Branch,19063,10941,8745907,18338
2022-04-01,Maui Island,16382,9627,7574967,15747
2022-04-01,Molokai Island,2327,1122,1015183,2257
2022-04-01,Oahu Branch,102205,56625,46520904,97929
2022-04-01,STATE,171976,96234,78379334,164761
2022-05-01,Hawaii Branch,41596,23628,18866677,39752
2022-05-01,Kauai Branch,8824,4956,3978469,8469
2022-05-01,Lanai Island,350,193,160248,322
2022-05-01,Maui Branch,18932,10884,8629953,18210
2022-05-01,Maui Island,16288,9580,7469275,15674
2022-05-01,Molokai Island,2294,1111,1000430,2214
2022-05-01,Oahu Branch,101830,56587,45915010,97639
2022-05-01,STATE,171182,96055,77390109,164070
2022-06-01,Hawaii Branch,41541,23525,19009301,39780
2022-06-01,Kauai Branch,8890,4947,4049067,8541
2022-06-01,Lanai Island,350,190,157869,322
2022-06-01,Maui Branch,18868,10802,8679772,18134
2022-06-01,Maui Island,16184,9494,7499609,15578
2022-06-01,Molokai Island,2334,1118,1022294,2234
2022-06-01,Oahu Branch,101153,56163,46067937,97189
2022-06-01,STATE,170452,95437,77806077,163644
2022-07-01,Hawaii Branch,39051,23485,17930562,37492
2022-07-01,Kauai Branch,8182,4951,3755278,7859
2022-07-01,Lanai Island,332,190,151514,307
2022-07-01,Maui Branch,17231,10684,7981107,16550
2022-07-01,Maui Island,14652,9372,6842308,14093
2022-07-01,Molokai Island,2247,1122,987285,2150
2022-07-01,Oahu Branch,94770,55808,43322817,91063
2022-07-01,STATE,159234,94928,72989764,152964
2022-08-01,Hawaii Branch,39720,22253,18145645,38211
2022-08-01,Kauai Branch,8197,4589,3723150,7870
2022-08-01,Lanai Island,332,176,148427,307
2022-08-01,Maui Branch,17480,9826,8053628,16833
2022-08-01,Maui Island,14865,8571,6897063,14339
2022-08-01,Molokai Island,2283,1079,1008138,2187
2022-08-01,Oahu Branch,95407,52890,43623658,91735
2022-08-01,STATE,160804,89558,73546081,154649
2022-09-01,Hawaii Branch,39711,22460,18060710,38234
2022-09-01,Kauai Branch,8226,4637,3696215,7925
2022-09-01,Lanai Island,326,175,147626,309
2022-09-01,Maui Branch,17187,9851,7880836,16580
2022-09-01,Maui Island,14557,8573,6723955,14060
2022-09-01,Molokai Island,2304,1103,1009255,2211
2022-09-01,Oahu Branch,94477,52714,42893017,91093
2022-09-01,STATE,159601,89662,72530778,153832
2022-10-01,Hawaii Branch,39734,22449,20533767,38349
2022-10-01,Kauai Branch,8180,4621,4220443,7909
2022-10-01,Lanai Island,306,170,158730,293
2022-10-01,Maui Branch,16938,9693,8852441,16361
2022-10-01,Maui Island,14309,8415,7533333,13838
2022-10-01,Molokai Island,2323,1108,1160378,2230
2022-10-01,Oahu Branch,93640,52335,48416111,90388
2022-10-01,STATE,158492,89098,82022762,153007
2022-11-01,Hawaii Branch,39581,22328,20511756,38198
2022-11-01,Kauai Branch,8111,4582,4178778,7854
2022-11-01,Lanai Island,290,164,148611,277
2022-11-01,Maui Branch,16629,9485,8633987,16133
2022-11-01,Maui Island,14005,8201,7329880,13606
2022-11-01,Molokai Island,2334,1120,1155496,2250
2022-11-01,Oahu Branch,92387,51615,47826011,89398
2022-11-01,STATE,156708,88010,81150532,151583
2022-12-01,Hawaii Branch,39683,22356,20640272,38342
2022-12-01,Kauai Branch,8217,4570,4252476,7981
2022-12-01,Lanai Island,273,156,139740,260
2022-12-01,Maui Branch,16422,9305,8574496,15935
2022-12-01,Maui Island,13825,8020,7275056,13424
2022-12-01,Molokai Island,2324,1129,1159700,2251
2022-12-01,Oahu Branch,91540,51057,47501507,88702
2022-12-01,STATE,155862,87288,80968751,150960
2023-01-01,Hawaii Branch,39521,22422,20210941,38182
2023-01-01,Kauai Branch,8161,4597,4150895,7918
2023-01-01,Lanai Island,281,156,145705,268
2023-01-01,Maui Branch,16085,9211,8375874,15607
2023-01-01,Maui Island,13519,7937,7100639,13129
2023-01-01,Molokai Island,2285,1118,1129530,2210
2023-01-01,Oahu Branch,90710,50754,46656469,87931
2023-01-01,STATE,154477,86984,79394179,149638
2023-02-01,Hawaii Branch,39514,22269,20519845,38220
2023-02-01,Kauai Branch,8063,4556,4155992,7835
2023-02-01,Lanai Island,280,147,144697,268
2023-02-01,Maui Branch,16067,9085,8477065,15593
2023-02-01,Maui Island,13480,7825,7175347,13096
2023-02-01,Molokai Island,2307,1113,1157021,2229
2023-02-01,Oahu Branch,90616,50244,47168240,88029
2023-02-01,STATE,154260,86154,80321142,149677
2023-03-01,Hawaii Branch,39853,22479,20643971,38586
2023-03-01,Kauai Branch,8126,4568,4176971,7913
2023-03-01,Lanai Island,282,152,144653,267
2023-03-01,Maui Branch,16303,9194,8588988,15859
2023-03-01,Maui Island,13708,7916,7291204,13361
2023-03-01,Molokai Island,2313,1126,1153131,2231
2023-03-01,Oahu Branch,91507,50712,47788048,89020
2023-03-01,STATE,155789,86953,81197978,151378
2023-04-01,Hawaii Branch,39622,21510,15775846,34031
2023-04-01,Kauai Branch,8134,4335,3141196,7225
2023-04-01,Lanai Island,265,137,97335,229
2023-04-01,Maui Branch,16103,8626,6482407,14271
2023-04-01,Maui Island,13566,7422,5505111,12013
2023-04-01,Molokai Island,2272,1067,879961,2029
2023-04-01,Oahu Branch,91291,48639,36680413,77597
2023-04-01,STATE,155150,83110,62079862,133124
2023-05-01,Hawaii Branch,39806,21615,15839729,34229
2023-05-01,Kauai Branch,8126,4360,3141340,7238
2023-05-01,Lanai Island,261,137,98909,224
2023-05-01,Maui Branch,16221,8711,6545152,14412
2023-05-01,Maui Island,13716,7524,5570996,12174
2023-05-01,Molokai Island,2244,1050,875247,2014
2023-05-01,Oahu Branch,91944,48976,36646062,78243
2023-05-01,STATE,156097,83662,62172283,134122
2023-06-01,Hawaii Branch,39911,21721,15849636,34338
2023-06-01,Kauai Branch,8138,4372,3144020,7266
2023-06-01,Lanai Island,250,133,99651,214
2023-06-01,Maui Branch,16531,8862,6639572,14677
2023-06-01,Maui Island,14021,7658,5667143,12458
2023-06-01,Molokai Island,2260,1071,872778,2005
2023-06-01,Oahu Branch,92552,49286,36748078,78880
2023-06-01,STATE,157132,84241,62381306,135161
2023-07-01,Hawaii Branch,39809,21612,15789331,34271
2023-07-01,Kauai Branch,8130,4357,3131251,7273
2023-07-01,Lanai Island,245,129,96936,205
2023-07-01,Maui Branch,16395,8787,6501332,14527
2023-07-01,Maui Island,13902,7599,5534419,12317
2023-07-01,Molokai Island,2248,1059,869977,2005
2023-07-01,Oahu Branch,92018,49016,36469522,78454
2023-07-01,STATE,156352,83772,61891436,134525
2023-08-01,Hawaii Branch,39979,21703,15814287,34396
2023-08-01,Kauai Branch,8134,4334,3114278,7277
2023-08-01,Lanai Island,246,130,96426,205
2023-08-01,Maui Branch,17065,9128,6786955,15164
2023-08-01,Maui Island,14540,7921,5803909,12915
2023-08-01,Molokai Island,2279,1077,886620,2044
2023-08-01,Oahu Branch,92366,49238,36566631,78759
2023-08-01,STATE,157544,84403,62282151,135596
2023-09-01,Hawaii Branch,41397,22514,16396207,35623
2023-09-01,Kauai Branch,8456,4530,3252113,7573
2023-09-01,Lanai Island,255,133,101632,211
2023-09-01,Maui Branch,18843,10121,8020484,16986
2023-09-01,Maui Island,16297,8899,7030071,14712
2023-09-01,Molokai Island,2291,1089,888781,2063
2023-09-01,Oahu Branch,96279,51266,38049780,82299
2023-09-01,STATE,164975,88431,65718584,142481
2023-10-01,Hawaii Branch,42956,23402,16813273,37065
2023-10-01,Kauai Branch,8731,4679,3299785,7823
2023-10-01,Lanai Island,272,135,101935,226
2023-10-01,Maui Branch,20010,10696,7899866,17895
2023-10-01,Maui Island,17393,9440,6910570,15563
2023-10-01,Molokai Island,2345,1121,887361,2106
2023-10-01,Oahu Branch,100334,53509,38807516,86025
2023-10-01,STATE,172031,92286,66820440,148808
2023-11-01,Hawaii Branch,43649,23800,16859199,37772
2023-11-01,Kauai Branch,8954,4804,3377109,8051
2023-11-01,Lanai Island,286,141,106158,241
2023-11-01,Maui Branch,20489,10958,7931824,18380
2023-11-01,Maui Island,17811,9670,6915752,15984
2023-11-01,Molokai Island,2392,1147,909914,2155
2023-11-01,Oahu Branch,101968,54428,39635555,87683
2023-11-01,STATE,175060,93990,67803687,151886
2023-12-01,Hawaii Branch,42879,23437,16469162,37093
2023-12-01,Kauai Branch,8883,4769,3327529,7967
2023-12-01,Lanai Island,279,138,102712,237
2023-12-01,Maui Branch,20037,10748,7695943,17944
2023-12-01,Maui Island,17405,9478,6701029,15596
2023-12-01,Molokai Island,2353,1132,892202,2111
2023-12-01,Oahu Branch,100109,53463,38081593,85987
2023-12-01,STATE,171908,92417,65574227,148991
2024-01-01,Hawaii Branch,41905,22777,15983483,36232
2024-01-01,Kauai Branch,8605,4602,3194543,7742
2024-01-01,Lanai Island,280,138,103430,243
2024-01-01,Maui Branch,19317,10323,7417447,17339
2024-01-01,Maui Island,16730,9089,6444677,15030
2024-01-01,Molokai Island,2307,1096,869340,2066
2024-01-01,Oahu Branch,97014,51685,36696203,83263
2024-01-01,STATE,166841,89387,63291676,144576
2024-02-01,Hawaii Branch,41014,22303,15637914,35389
2024-02-01,Kauai Branch,8369,4455,3101274,7509
2024-02-01,Lanai Island,291,139,109637,255
2024-02-01,Maui Branch,18346,9777,7000889,16389
2024-02-01,Maui Island,15759,8548,6032401,14088
2024-02-01,Molokai Island,2296,1090,858851,2046
2024-02-01,Oahu Branch,94457,50358,35783608,80998
2024-02-01,STATE,162186,86893,61523685,140285
2024-03-01,Hawaii Branch,40247,21917,15409657,34627
2024-03-01,Kauai Branch,8237,4376,3066336,7403
2024-03-01,Lanai Island,284,137,105077,246
2024-03-01,Maui Branch,17426,9319,6667618,15558
2024-03-01,Maui Island,14859,8098,5705336,13269
2024-03-01,Molokai Island,2283,1084,857205,2043
2024-03-01,Oahu Branch,92966,49498,35318775,79745
2024-03-01,STATE,158876,85110,60462386,137333
2024-04-01,Hawaii Branch,39657,21619,15179837,34074
2024-04-01,Kauai Branch,8063,4306,3011146,7261
2024-04-01,Lanai Island,273,132,104045,236
2024-04-01,Maui Branch,17003,9086,6591266,15153
2024-04-01,Maui Island,14445,7873,5627045,12859
2024-04-01,Molokai Island,2285,1081,860176,2058
2024-04-01,Oahu Branch,91296,48768,34866864,78197
2024-04-01,STATE,156019,83779,59649113,134685
2024-05-01,Hawaii Branch,39523,21566,15113688,33845
2024-05-01,Kauai Branch,7941,4261,2960688,7132
2024-05-01,Lanai Island,284,134,107412,249
2024-05-01,Maui Branch,17081,9030,6536427,15228
2024-05-01,Maui Island,14518,7824,5572545,12943
2024-05-01,Molokai Island,2279,1072,856470,2036
2024-05-01,Oahu Branch,91200,48788,34705532,78093
2024-05-01,STATE,155745,83645,59316335,134298
2024-06-01,Hawaii Branch,39557,21538,15050051,33910
2024-06-01,Kauai Branch,7930,4280,2948941,7112
2024-06-01,Lanai Island,274,130,98243,239
2024-06-01,Maui Branch,17094,9016,6477931,15223
2024-06-01,Maui Island,14556,7818,5528782,12981
2024-06-01,Molokai Island,2264,1068,850906,2003
2024-06-01,Oahu Branch,90673,48608,34254343,77630
2024-06-01,STATE,155254,83442,58731266,133875
2024-07-01,Hawaii Branch,39592,21509,15040887,33937
2024-07-01,Kauai Branch,7840,4206,2909077,7019
2024-07-01,Lanai Island,260,127,94015,228
2024-07-01,Maui Branch,17103,9018,6516855,15233
2024-07-01,Maui Island,14542,7810,5558930,12982
2024-07-01,Molokai Island,2301,1081,863910,2023
2024-07-01,Oahu Branch,90500,48393,34218237,77473
2024-07-01,STATE,155035,83126,58685056,133662
2024-08-01,Hawaii Branch,39673,21562,15094039,34028
2024-08-01,Kauai Branch,7896,4180,2917726,7038
2024-08-01,Lanai Island,248,123,92534,220
2024-08-01,Maui Branch,16883,8905,6434821,15081
2024-08-01,Maui Island,14286,7677,5458487,12776
2024-08-01,Molokai Island,2349,1105,883800,2085
2024-08-01,Oahu Branch,90384,48044,34033133,77319
2024-08-01,STATE,154836,82691,58479719,133466
2024-09-01,Hawaii Branch,40303,21664,15304431,34646
2024-09-01,Kauai Branch,7940,4217,2955723,7099
2024-09-01,Lanai Island,273,127,103521,248
2024-09-01,Maui Branch,16958,8886,6461381,15195
2024-09-01,Maui Island,14359,7660,5490712,12883
2024-09-01,Molokai Island,2326,1099,867148,2064
2024-09-01,Oahu Branch,91587,48447,34686132,78449
2024-09-01,STATE,156788,83214,59407667,135389
2024-10-01,Hawaii Branch,40658,21763,15205409,34936
2024-10-01,Kauai Branch,7939,4228,2875069,7110
2024-10-01,Lanai Island,289,131,110329,258
2024-10-01,Maui Branch,17064,8891,6333845,15294
2024-10-01,Maui Island,14396,7636,5342459,12904
2024-10-01,Molokai Island,2379,1124,881057,2132
2024-10-01,Oahu Branch,92509,48581,34440333,79307
2024-10-01,STATE,158170,83463,58854656,136647
2024-11-01,Hawaii Branch,40627,21681,14988264,34891
2024-11-01,Kauai Branch,7983,4256,2898689,7146
2024-11-01,Lanai Island,296,136,105633,261
2024-11-01,Maui Branch,17106,8935,6397064,15364
2024-11-01,Maui Island,14481,7689,5438565,12997
2024-11-01,Molokai Island,2329,1110,852866,2106
2024-11-01,Oahu Branch,92709,48492,34146312,79611
2024-11-01,STATE,158425,83364,58430329,137012
2024-12-01,Hawaii Branch,40358,21456,14820302,34667
2024-12-01,Kauai Branch,8055,4260,2908974,7233
2024-12-01,Lanai Island,311,137,109519,273
2024-12-01,Maui Branch,16972,8850,6354954,15242
2024-12-01,Maui Island,14325,7595,5381210,12851
2024-12-01,Molokai Island,2336,1118,864225,2118
2024-12-01,Oahu Branch,91902,47873,33885894,78955
2024-12-01,STATE,157287,82439,57970124,136097
2025-01-01,Hawaii Branch,39829,21039,14485393,34241
2025-01-01,Kauai Branch,8018,4224,2880770,7221
2025-01-01,Lanai Island,302,134,107909,264
2025-01-01,Maui Branch,16686,8712,6071239,14965
2025-01-01,Maui Island,14060,7470,5113571,12600
2025-01-01,Molokai Island,2324,1108,849759,2101
2025-01-01,Oahu Branch,91310,47354,33150404,78474
2025-01-01,STATE,155843,81329,56587806,134901
2025-02-01,Hawaii Branch,40167,21270,14741377,34582
2025-02-01,Kauai Branch,8006,4196,2838113,7219
2025-02-01,Lanai Island,308,136,109308,266
2025-02-01,Maui Branch,16802,8717,6089240,15086
2025-02-01,Maui Island,14210,7479,5149613,12759
2025-02-01,Molokai Island,2284,1102,830319,2061
2025-02-01,Oahu Branch,92331,47700,33286129,79567
2025-02-01,STATE,157306,81883,56954859,136454
2025-03-01,Hawaii Branch,40380,21364,14582945,34827
2025-03-01,Kauai Branch,8182,4287,2892178,7393
2025-03-01,Lanai Island,315,140,106227,269
2025-03-01,Maui Branch,17092,8864,6125277,15355
2025-03-01,Maui Island,14460,7609,5187908,12995
2025-03-01,Molokai Island,2317,1115,831142,2091
2025-03-01,Oahu Branch,93424,48101,33357762,80698
2025-03-01,STATE,159078,82616,56958162,138273
2025-04-01,Hawaii Branch,40762,21412,14634475,35189
2025-04-01,Kauai Branch,8285,4341,2903251,7513
2025-04-01,Lanai Island,315,139,107509,272
2025-04-01,Maui Branch,17366,8951,6136189,15647
2025-04-01,Maui Island,14715,7690,5188115,13269
2025-04-01,Molokai Island,2336,1122,840565,2106
2025-04-01,Oahu Branch,94554,48562,33472600,81795
2025-04-01,STATE,160967,83266,57146515,140144
2025-05-01,Hawaii Branch,41045,21511,14659467,35513
2025-05-01,Kauai Branch,8424,4395,2919965,7616
2025-05-01,Lanai Island,344,148,117746,302
2025-05-01,Maui Branch,17673,9087,6167102,15936
2025-05-01,Maui Island,15009,7819,5223929,13549
2025-05-01,Molokai Island,2320,1120,825427,2085
2025-05-01,Oahu Branch,96434,49340,33912284,83562
2025-05-01,STATE,163576,84333,57658818,142627
2025-06-01,Hawaii Branch,41039,21467,14537953,35540
2025-06-01,Kauai Branch,8460,4407,2926608,7640
2025-06-01,Lanai Island,347,151,114922,305
2025-06-01,Maui Branch,17896,9177,6217381,16188
2025-06-01,Maui Island,15214,7904,5270414,13765
2025-06-01,Molokai Island,2335,1122,832045,2118
2025-06-01,Oahu Branch,97483,49722,34126560,84581
2025-06-01,STATE,164878,84773,57808502,143949
2025-07-01,Hawaii Branch,40884,21351,14432554,35352
2025-07-01,Kauai Branch,8516,4424,2923992,7696
2025-07-01,Lanai Island,373,159,120360,334
2025-07-01,Maui Branch,18089,9230,6257451,16386
2025-07-01,Maui Island,15372,7943,5301519,13932
2025-07-01,Molokai Island,2344,1128,835572,2120
2025-07-01,Oahu Branch,98047,49842,34137639,85194
2025-07-01,STATE,165536,84847,57751636,144628
2025-08-01,Hawaii Branch,40872,21356,14400670,35369
2025-08-01,Kauai Branch,8573,4431,2927740,7749
2025-08-01,Lanai Island,364,156,121145,330
2025-08-01,Maui Branch,18114,9215,6231057,16398
2025-08-01,Maui Island,15410,7941,5271086,13978
2025-08-01,Molokai Island,2340,1118,838826,2090
2025-08-01,Oahu Branch,98223,49888,34069088,85365
2025-08-01,STATE,165782,84890,57628555,144881
2025-09-01,Hawaii Branch,41673,21654,14608833,36145
2025-09-01,Kauai Branch,8599,4438,2921012,7791
2025-09-01,Lanai Island,386,160,120687,353
2025-09-01,Maui Branch,18611,9408,6397403,16837
2025-09-01,Maui Island,15845,8112,5427771,14372
2025-09-01,Molokai Island,2380,1136,848945,2112
2025-09-01,Oahu Branch,100064,50729,34669426,87134
2025-09-01,STATE,168947,86229,58596674,147907
2025-10-01,Hawaii Branch,41665,21639,14131146,36098
2025-10-01,Kauai Branch,8560,4409,2820504,7748
2025-10-01,Lanai Island,376,158,111516,344
2025-10-01,Maui Branch,18666,9405,6176349,16858
2025-10-01,Maui Island,15927,8123,5253973,14415
2025-10-01,Molokai Island,2363,1124,810860,2099
2025-10-01,Oahu Branch,100713,51019,33664302,87644
2025-10-01,STATE,169604,86472,56792301,148348
2025-11-01,Hawaii Branch,40262,20490,13431279,34700
2025-11-01,Kauai Branch,8272,4159,2678142,7451
2025-11-01,Lanai Island,379,152,110067,348
2025-11-01,Maui Branch,18179,9056,5961970,16386
2025-11-01,Maui Island,15506,7816,5068950,13992
2025-11-01,Molokai Island,2294,1088,782953,2046
2025-11-01,Oahu Branch,98537,49450,32586967,85552
2025-11-01,STATE,165250,83155,54658358,144089
2025-12-01,Hawaii Branch,39736,20257,13230551,34200
2025-12-01,Kauai Branch,8195,4113,2648352,7361
2025-12-01,Lanai Island,380,150,108411,349
2025-12-01,Maui Branch,17962,8960,5884988,16139
2025-12-01,Maui Island,15354,7757,5020275,13800
2025-12-01,Molokai Island,2228,1053,756302,1990
2025-12-01,Oahu Branch,97392,48856,32145023,84514
2025-12-01,STATE,163285,82186,53908914,142214
2026-01-01,Hawaii Branch,39204,19903,12873624,33770
2026-01-01,Kauai Branch,8085,4017,2548332,7265
2026-01-01,Lanai Island,365,143,101925,334
2026-01-01,Maui Branch,17684,8797,5717846,15901
2026-01-01,Maui Island,15054,7583,4855809,13538
2026-01-01,Molokai Island,2265,1071,760112,2029
2026-01-01,Oahu Branch,96142,48183,31260129,83409
2026-01-01,STATE,161115,80900,52399931,140345
2026-02-01,Hawaii Branch,38892,19671,12739983,33486
2026-02-01,Kauai Branch,7977,3984,2509979,7142
2026-02-01,Lanai Island,364,147,102374,334
2026-02-01,Maui Branch,17298,8663,5579901,15513
2026-02-01,Maui Island,14697,7466,4730938,13187
2026-02-01,Molokai Island,2237,1050,746589,1992
2026-02-01,Oahu Branch,94655,47468,30828809,82125
2026-02-01,STATE,158822,79786,51658672,138266
2026-03-01,Hawaii Branch,38686,19511,12680788,33280
2026-03-01,Kauai Branch,7899,3904,2505753,7060
2026-03-01,Lanai Island,351,145,98219,320
2026-03-01,Maui Branch,16976,8419,5484516,15242
2026-03-01,Maui Island,14416,7246,4652507,12930
2026-03-01,Molokai Island,2209,1028,733790,1992
2026-03-01,Oahu Branch,94043,46762,30628492,81588
2026-03-01,STATE,157604,78596,51299549,137170
2026-04-01,Hawaii Branch,38472,19387,12504115,33042
2026-04-01,Kauai Branch,8002,3922,2509704,7142
2026-04-01,Lanai Island,346,145,97872,320
2026-04-01,Maui Branch,16915,8359,5408774,15160
2026-04-01,Maui Island,14364,7204,4585705,12847
2026-04-01,Molokai Island,2205,1010,725197,1993
2026-04-01,Oahu Branch,93761,46595,30321590,81339
2026-04-01,STATE,157150,78263,50744183,136683
2026-05-01,Hawaii Branch,38621,19432,12523436,33197
2026-05-01,Kauai Branch,8085,3976,2530400,7228
2026-05-01,Lanai Island,345,144,98153,318
2026-05-01,Maui Branch,16993,8368,5395867,15247
2026-05-01,Maui Island,14462,7232,4587011,12969
2026-05-01,Molokai Island,2186,992,710703,1960
2026-05-01,Oahu Branch,94255,46682,30476273,81768
2026-05-01,STATE,157954,78458,50925976,137440
