name,network,island,address,lat,lon,geocode_source
Aloha Church,Hawaii Foodbank,Kauai,"4534 Uahi Street (Across from Taco Bell), Lihue, Kauaʻi, HI",21.9746445,-159.3777979,provider
Anahola Beach Park,Hawaii Foodbank,Kauai,Anahola Beach Park (across entrance),22.1457356,-159.300134,provider
Anaina Hou,Hawaii Foodbank,Kauai,"5-2723 Kuhio Hwy., Kīlauea, HI 96754",22.2109763,-159.4160471,provider
Church of the Pacific,Hawaii Foodbank,Kauai,"4520 Kapaka Rd., Princeville, HI 96722",22.2089875,-159.4643377,provider
Hale Hoʻomalu,Hawaii Foodbank,Kauai,"4-1112 Kuhio Hwy., Kapaʻa, HI 96746",22.0692862,-159.3191473,provider
Hanapēpē Salvation Army,Hawaii Foodbank,Kauai,"4465 Puolo Rd., Hanapēpē, HI 96716",21.9071472,-159.5928761,provider
Ho'omana Thrift Store,Hawaii Foodbank,Kauai,"4531 Kuamoʻo Rd., HI 96746, Kapaʻa, Kauaʻi, HI",22.0474586,-159.336502,provider
Holy Cross Church,Hawaii Foodbank,Kauai,"2-2370 Kaumualiʻi Hwy., Kalāheo, HI 96741",21.9252848,-159.5286819,provider
Kapaʻa Missionary Church,Hawaii Foodbank,Kauai,"4-758 Kuhio Hwy, Kapaʻa, HI 96746",22.0601253,-159.3218962,provider
Kapaʻa Missionary Church,Hawaii Foodbank,Kauai,"4-758 Kuhio Hwy, Kapaʻa, HI 96746",22.060072,-159.3218324,provider
Kapaʻa United Church of Christ,Hawaii Foodbank,Kauai,"1315 Ulu St, Kapaʻa, HI 96746",22.0747538,-159.3197449,provider
Kapaʻa United Church of Christ,Hawaii Foodbank,Kauai,"1315 Ulu Street, Kapaʻa, HI 96746",22.0747742,-159.3197969,provider
Kauai Economic Opportunity,Hawaii Foodbank,Kauai,2804 Wehe Rd. Līhuʻe HI 96766,21.9714435,-159.3745845,provider
Kauaʻi Bible Church,Hawaii Foodbank,Kauai,"2-4131 Kauamualiʻi Rd., Koloa, HI 96756, ʻŌmaʻo, Kauaʻi, HI",21.9274188,-159.4903275,provider
Kingʻs Chapel Lihue,Hawaii Foodbank,Kauai,"4368 Kukui Grove Street, Lihue, Kauaʻi, HI",21.9714313,-159.3760581,provider
Līhuʻe Salvation Army,Hawaii Foodbank,Kauai,"4182 Hardy St., Līhuʻe, HI 96766",21.9729681,-159.3629828,provider
Līhuʻe Salvation Army,Hawaii Foodbank,Kauai,"4182 Hardy St, Līhuʻe, HI 96766",21.9729766,-159.3629929,provider
Nana's House (Child & Family Service),Hawaii Foodbank,Kauai,"9875 Waimea Rd., Waimea, HI 96796",21.9551665,-159.667228,provider
St. Catherine Parish (K007A),Hawaii Foodbank,Kauai,"5021 Kawaihau Rd., Kapaʻa, HI 96746",22.0916259,-159.3165748,provider
St. Michael's Church,Hawaii Foodbank,Kauai,"Vidinha Stadium, Hoʻolako St., Līhuʻe, HI 96766",21.9725042,-159.355992,provider
St. Raphael's Church,Hawaii Foodbank,Kauai,"3011 Hapa Rd., Kōloa, HI 96756",21.8941199,-159.4570801,provider
St. William Church,Hawaii Foodbank,Kauai,"5292-A Kuhio Hwy., Hanalei, HI 96714",22.2025136,-159.4993303,provider
The Hanapēpē Salvation Army,Hawaii Foodbank,Kauai,"4465 Puolo Rd. ,Hanapēpē, HI 96716",21.9071472,-159.5928761,provider
Westside Christian Center - Assembly of God,Hawaii Foodbank,Kauai,"8041 Kekaha Rd., Kekaha, HI 96752",21.973907,-159.7171946,provider
ʻEleʻele Baptist Church,Hawaii Foodbank,Kauai,"339 Mehana Rd., ʻEleʻele, HI 96705",21.9068517,-159.5800184,provider
ʻOhana Christian Fellowship,Hawaii Foodbank,Kauai,"4531 Pouli St., Kapaʻa, HI 96746",22.0604137,-159.3231146,provider
Aiea 7th Day Adventist Church,Hawaii Foodbank,Oahu,"99-005 Moanalua Rd. Aiea, HI 96701",21.38104436023,-157.933625266458,census
Angel Network Charities,Hawaii Foodbank,Oahu,"5339 Kalanianaole Hwy. Honolulu, HI 96821",21.278595606051,-157.749178615616,census
Angel Network Charities (Walk Up),Hawaii Foodbank,Oahu,"5339 Kalanianaole Hwy. Honolulu, HI 96821",21.278595606051,-157.749178615616,census
Armed Services YMCA (Marine Corps Base Hawaii) Military access required.,Hawaii Foodbank,Oahu,"455 Bingham Way Kailua, HI 96734",21.4473312,-157.7512880,nominatim
Armed Services YMCA @ Daniel K Akaka VA Clinic,Hawaii Foodbank,Oahu,"91-1051 Franklin D Roosevelt Ave. Kapolei, HI 96707",21.324994989451,-158.085946546182,census
Armed Services YMCA MCBH @ MCBH Chapel Military access required. (Walk Up),Hawaii Foodbank,Oahu,"2702 Cushman Ave. Kailua, HI 96734",21.4455128,-157.7460106,nominatim
Boys & Girls Club Ewa Beach (Drive Thru & Walk Up),Hawaii Foodbank,Oahu,"91-884 Fort Weaver Rd. Ewa Beach, HI 96706",21.316442944976,-158.012700037249,census
Brethren of Christ International,Hawaii Foodbank,Oahu,94-133 Pahu St. Waipahu HI 96797,21.381824036822,-158.007391424455,census
Brethren of Christ International,Hawaii Foodbank,Oahu,94-133 Pahu St. Waipahu HI 96797,21.381824036822,-158.007391424455,census
Calvary Assembly of God (Walk Up),Hawaii Foodbank,Oahu,"961 Io Ln. Honolulu, HI 96817",21.32673463806,-157.863746873011,census
Calvary Chapel Pearl Harbor,Hawaii Foodbank,Oahu,"94-1044 Waipio Uka St. Waipahu, HI 96797",21.411264999395,-157.998468080107,census
Calvary Chapel Pearl Harbor @ Manana Community Park (Drive Thru & Walk Up),Hawaii Foodbank,Oahu,"1310 Waimano Home Rd. Pearl City, HI 96782",21.399628712446,-157.967819893094,census
Cedar Assembly of God,Hawaii Foodbank,Oahu,"620 Waipa Ln. Honolulu, HI 96817",21.321392131991,-157.862524399857,census
Cedar Assembly of God,Hawaii Foodbank,Oahu,"620 Waipa Ln. Honolulu, HI 96817",21.321392131991,-157.862524399857,census
Central Union Church (Drive Thru & Walk Up),Hawaii Foodbank,Oahu,"1660 S Beretania St. Honolulu, HI 96826",21.298028430891,-157.833299620522,census
Central Union Church Windward,Hawaii Foodbank,Oahu,"38 Kaneohe Bay Dr. Kailua, HI 96734",21.422874015875,-157.749235790292,census
Church of Christ at Pearl Harbor,Hawaii Foodbank,Oahu,"515 Main St. Honolulu, 96818",21.341879535549,-157.936099031401,census
Church of God Prophecy @ Stevenson Rec Center,Hawaii Foodbank,Oahu,"1202 Prospect St. Honolulu, HI 96813",21.3097657,-157.8409467,nominatim
City of Joy Assembly of God (Walk Up),Hawaii Foodbank,Oahu,"87-2070 Farrington Hwy. Waianae, HI 96792",21.386504139301,-158.150822037619,census
City of Refuge Church,Hawaii Foodbank,Oahu,"94-897 Waipahu St. Waipahu, HI 96797",21.386092608588,-158.006540090162,census
Co-Cathedral of St Theresa Online registration only. (Drive Thru & Walk Up),Hawaii Foodbank,Oahu,"712 N School St. Honolulu, HI 96817",21.323701531475,-157.861118455285,census
Co-Cathedral of St. Theresa,Hawaii Foodbank,Oahu,"712 N School St. Honolulu, HI 96817",21.323701531475,-157.861118455285,census
Community People Ministries @ Aiea High School (Drive Thru & Walk Up),Hawaii Foodbank,Oahu,"98-1276 Ulune St. Aiea, HI 96701",21.384629293644,-157.931438722708,census
Community People Ministries @ Ewa Puuloa District Park (Drive Thru & Walk Up),Hawaii Foodbank,Oahu,"91-995 Kaimele Pl. Ewa Beach, HI 96706",21.3223486,-158.0196314,nominatim
Dynamic Compassion In Action @ Waimanalo District Park (Drive Thru & Walk Up),Hawaii Foodbank,Oahu,"41-415 Hihimanu St. Waimanalo, HI 96795",21.342352205932,-157.71850414875,census
First Assembly of God Red Hill,Hawaii Foodbank,Oahu,"3400 Moanalua Rd. Honolulu, HI 96819",21.364420063111,-157.902836228698,census
First Assembly of God Red Hill,Hawaii Foodbank,Oahu,"3400 Moanalua Rd. Honolulu, HI 96819",21.364420063111,-157.902836228698,census
First Assembly of God Red Hill (Walk Up),Hawaii Foodbank,Oahu,"3400 Moanalua Rd. Honolulu, HI 96819",21.364420063111,-157.902836228698,census
First Assembly of God Wahiawa,Hawaii Foodbank,Oahu,"300 Wilikina Dr. Wahiawa, HI 96786",21.490006062111,-158.033468992025,census
First Assembly of God Wahiawa (Walk Up),Hawaii Foodbank,Oahu,"300 Wilikina Dr. Wahiawa, HI 96786",21.490006062111,-158.033468992025,census
First Assembly of God Windward,Hawaii Foodbank,Oahu,"47-323 Ahuimanu Rd. Kaneohe, HI 96744",21.448732065789,-157.833870019193,census
First United Methodist Church,Hawaii Foodbank,Oahu,"1020 S. Beretania St. Honolulu, HI 96814",21.303165171449,-157.847409986724,census
First United Methodist Church,Hawaii Foodbank,Oahu,"1020 S. Beretania St. Honolulu, HI 96814",21.303165171449,-157.847409986724,census
Full Gospel of Oahu,Hawaii Foodbank,Oahu,"1680 Kapiolani Blvd. Honolulu, HI 96814",21.29118033322,-157.838033306115,census
Giving Hope Hawaii By Appt Only.,Hawaii Foodbank,Oahu,"46-158 Kahuhipa St. Kaneohe, HI 96744",21.416762200441,-157.804584579034,census
Grace & Favor Church,Hawaii Foodbank,Oahu,"702 Puuhale Rd. Honolulu, HI 96819",21.330617165946,-157.881769511965,census
Grace & Favor Church (Walk Up),Hawaii Foodbank,Oahu,"702 Puuhale Rd. Honolulu, HI 96819",21.330617165946,-157.881769511965,census
Grace Bible Church,Hawaii Foodbank,Oahu,901 Hausten St. Honolulu HI 96826,21.291396950654,-157.824249182417,census
Gregory House Programs (Walk Up),Hawaii Foodbank,Oahu,"1313 Pensacola St. Honolulu, HI 96814",21.30328882483,-157.844524301338,census
Hawaii Health & Harm Reduction Center @ Kakaako (Walk Up),Hawaii Foodbank,Oahu,"653 Ala Moana Blvd. Honolulu, HI 96813",21.298222561175,-157.862469760819,census
Hawaii Health & Harm Reduction Center @ UH Manoa (Walk Up),Hawaii Foodbank,Oahu,"2465 Campus Rd. Honolulu, HI 96822",21.299303234475,-157.819175472901,census
Hawaiian Humane Society Pet Food Only.,Hawaii Foodbank,Oahu,"2700 Waialae Ave. Honolulu, HI 96826",21.290167519571,-157.818510878399,census
Honolulu Fil-am S.D.A Church,Hawaii Foodbank,Oahu,"2232 Kanealii Ave. Honolulu, HI 96813",21.320472639391,-157.845566159072,census
Hope Chapel Kahuku @ Kahuku Medical Center - Trailers (Drive Thru & Walk Up),Hawaii Foodbank,Oahu,"56-117 Pualalea St. Kahuku, HI 96731",21.676647940829,-157.952342159009,census
Hui Mahiai Aina @ Waimanalo District Park (Drive Thru & Walk Up),Hawaii Foodbank,Oahu,"41-415 Hihimanu St. Waimanalo, HI 96795",21.342352205932,-157.71850414875,census
Hui O Hau'ula,Hawaii Foodbank,Oahu,"54-010 Kukuna Rd. Hauula, HI 96717",21.60887038078,-157.909771572374,census
Hui O Hauula @Hauula Beach Park (Drive Thru & Walk Up),Hawaii Foodbank,Oahu,"54-135 Kamehameha Hwy. Hauula, HI 96717",21.611707411599,-157.911081581566,census
Immaculate Conception Church,Hawaii Foodbank,Oahu,"91-1298 Renton Rd. Ewa Beach, HI 96706",21.345364647369,-158.032227778711,census
Immaculate Conception Church (Walk Up),Hawaii Foodbank,Oahu,"91-1298 Renton Rd. Ewa Beach, HI 96706",21.345364647369,-158.032227778711,census
Inspire Church @ Patsy T Mink Central Oahu Regional Park Online registration only. (Drive Thru & Walk Up),Hawaii Foodbank,Oahu,"94-801 Kamehameha Hwy. Waipahu, HI 96797",21.421537168403,-158.00728789613,census
Inspire Church By Appt Only.,Hawaii Foodbank,Oahu,"94-877 Lumiaina St. Bldg 12 Waipahu, HI 96797",21.400198911551,-158.003480598338,census
Institute For Human Services (Walk Up),Hawaii Foodbank,Oahu,"350 Sumner St. Honolulu, HI 96817",21.315500816324,-157.867503634717,census
Institute For Human Services Kahauiki Village (Walk Up),Hawaii Foodbank,Oahu,"2475 N Nimitz Hwy. Honolulu, HI 96819",21.332724997267,-157.891021250809,census
Institute for Human Services,Hawaii Foodbank,Oahu,"350 Sumner St. Honolulu, HI 96817",21.315500816324,-157.867503634717,census
Island Family Christian Church Online registration only. (Drive Thru & Walk Up),Hawaii Foodbank,Oahu,"3375 Salt Lake Blvd. Honolulu, HI 96818",21.344874300875,-157.916609540482,census
Jesus Reigns Ministries,Hawaii Foodbank,Oahu,"94-325 Mokuola St. Waipahu, HI 96797",21.386103466102,-158.003773234014,census
KEY Project,Hawaii Foodbank,Oahu,"47-200 Waihee Rd. Kaneohe, HI 96744",21.45794428646,-157.843603589896,census
Ka Hana O Ke Akua UCC By Appt Only.,Hawaii Foodbank,Oahu,"86-311 Lualualei Homestead Rd. Waianae, HI 96792",21.440496395632,-158.170488880518,census
Kalihi Union Church (Walk Up),Hawaii Foodbank,Oahu,"2214 North King St. Honolulu, HI 96819",21.335119117662,-157.881025114777,census
Kapiolani Community College - Pohukaina Food Pantry Online registration only.,Hawaii Foodbank,Oahu,"4303 Diamond Head Rd. `iliahi 231 Honolulu, HI 96816 (Parking in lower Lot B.)",21.268094331918,-157.800405607361,census
Kapolei Samoa - Tonga SDA Church,Hawaii Foodbank,Oahu,"91-1037 Lexington St. Kapolei, HI 96707",21.316243565795,-158.073694886551,census
Kaumakapili Church,Hawaii Foodbank,Oahu,"766 N King St. Honolulu, HI 96817",21.321280878372,-157.866701329817,census
Key Project (Walk Up),Hawaii Foodbank,Oahu,"47-200 Waihee Rd. Kaneohe, HI 96744",21.45794428646,-157.843603589896,census
King's Cathedral Oahu (Drive Thru & Walk Up),Hawaii Foodbank,Oahu,"5740 Kalanianaole Hwy. Honolulu, HI 96821",21.3753273,-157.7805990,nominatim
Leeward Community Church @ Chinese Christian Alliance Church (Drive Thru & Walk Up),Hawaii Foodbank,Oahu,"87-1624 Farrington Hwy. Waianae, HI 96792",21.394888768562,-158.160102070098,census
Leeward Community Church Online registration only. (Drive Thru & Walk Up),Hawaii Foodbank,Oahu,"1860 Komo Mai Dr. Pearl City, HI 96782",21.415493855932,-157.961581308908,census
Lighthouse Outreach Center (Walk Up),Hawaii Foodbank,Oahu,"94-230 Leokane St. Waipahu, HI 96797",21.380033509637,-158.019678926993,census
Message of Peace @Asing Community Park (Drive Thru & Walk Up),Hawaii Foodbank,Oahu,"91-1450 Renton Rd. Ewa Beach, HI 96706",21.35002154331,-158.025307733168,census
Mutual Housing Association Online registration only. (Walk Up),Hawaii Foodbank,Oahu,"2170 Ahe St. Honolulu, HI 96816",21.30112754173,-157.793289584976,census
Nanaikapono Protestant Church,Hawaii Foodbank,Oahu,"89-235 Pua Ave. Waianae, HI 96792",21.380448682258,-158.142417500832,census
Nanaikapono Protestant Church (Walk Up),Hawaii Foodbank,Oahu,"89-235 Pua Ave. Waianae, HI 96792",21.380448682258,-158.142417500832,census
New Hope International Ministries @ Pacific Rim Christian University,Hawaii Foodbank,Oahu,"2223 Hoonee Pl. Honolulu, HI 96819",21.327602896734,-157.888240150037,census
New Hope Kapolei Ministry Center,Hawaii Foodbank,Oahu,"94-199 Leonui St. Waipahu, HI 96797",21.378059995269,-158.020309706297,census
New Life Body of Christ Christian Church,Hawaii Foodbank,Oahu,"74 S. Kamehameha Hwy. Wahiawa, HI 96786",21.494885996043,-158.029320600158,census
Olivet Baptist Church,Hawaii Foodbank,Oahu,"1775 S Beretania St. Honolulu, HI 96826",21.297586718472,-157.832382469554,census
Once A Month Church @ Kaiaka Bay Beach Park (Drive Thru & Walk Up),Hawaii Foodbank,Oahu,"66-449 Haleiwa Rd. Haleiwa, HI 96712",21.586542801769,-158.112204265446,census
Our Lady of Mount Carmel Church,Hawaii Foodbank,Oahu,"48-422 Kamehameha Hwy. Kaneohe, HI 96744",21.496124103232,-157.851931170199,census
Our Lady of Perpetual Help,Hawaii Foodbank,Oahu,"91-1004 North Rd. Ewa Beach, HI 96706",21.316259625778,-158.006529118005,census
Our Lady of Sorrows,Hawaii Foodbank,Oahu,"1403 California Ave. Wahiawa, HI 96786",21.503009290945,-158.016123494596,census
PACT KPT Family Center (Walk Up),Hawaii Foodbank,Oahu,"1485 Linapuni St. Ste 103 Honolulu, HI 96819",21.338102245766,-157.877113703509,census
Palama Settlement,Hawaii Foodbank,Oahu,"810 N. Vineyard Blvd. Honolulu, HI 96817",21.322814243184,-157.864121670333,census
Paradise Chapel,Hawaii Foodbank,Oahu,"87-125 Maipalaoa Rd. Waianae, HI 96792",21.408230939587,-158.176421927986,census
Parents And Children Together- KPT Family Center,Hawaii Foodbank,Oahu,"1485 Linapuni St. Suite 103 Honolulu, HI 96819",21.338102245766,-157.877113703509,census
Pearlside Church Online registration only. (Drive Thru & Walk Up),Hawaii Foodbank,Oahu,"98-751 Kuahao Pl. Aiea, HI 96701",21.3915461,-157.9536259,nominatim
Private Sector Hawaii By Appt Only.,Hawaii Foodbank,Oahu,"Haleiwa, HI 96712",21.5876272,-158.1035648,nominatim
Reality Church @ Ke'elikolani Middle School (Drive Thru & Walk Up),Hawaii Foodbank,Oahu,1302 Queen Emma St. Honolulu HI 96813,21.310807434712,-157.85687325654,census
River of Life Mission,Hawaii Foodbank,Oahu,"101 N. Pauahi St. Honolulu, HI 96817",21.3127730,-157.8622780,nominatim
River of Life Mission,Hawaii Foodbank,Oahu,"101 N Pauahi St. Honolulu, HI 96817",21.3127730,-157.8622790,nominatim
St. Ann's Church By Appt Only.,Hawaii Foodbank,Oahu,"46-129 Haiku Rd. Kaneohe, HI 96744",21.421168914244,-157.806047769033,census
St. Anthony's Outreach,Hawaii Foodbank,Oahu,"114 Makawao St. Kailua, HI 96734",21.400775460738,-157.738352006305,census
St. Elizabeth Catholic Church,Hawaii Foodbank,Oahu,"99-312 Moanalua Rd. Aiea, HI 96701",21.376485814513,-157.93022125522,census
St. Elizabeth Catholic Church,Hawaii Foodbank,Oahu,"99-312 Moanalua Rd. Aiea, HI 96701",21.376485814513,-157.93022125522,census
St. Elizabeth’s Episcopal Church,Hawaii Foodbank,Oahu,"720 North King St. Honolulu, HI 96817",21.320802050799,-157.866350423541,census
St. Elizabeth’s Episcopal Church,Hawaii Foodbank,Oahu,"720 N King St. Honolulu, HI 96817",21.320802050799,-157.866350423541,census
St. Joseph Church,Hawaii Foodbank,Oahu,"94-675 Farrington Hwy. Waipahu, HI 96797",21.383187508122,-158.007977250439,census
St. Jude Catholic Church,Hawaii Foodbank,Oahu,"92-455 Makakilo Dr. Kapolei, HI 96707",21.340527069255,-158.07625468745,census
St. Mark Lutheran Church,Hawaii Foodbank,Oahu,"45-725 Kamehameha Hwy. Kaneohe, HI 96744",21.407590806708,-157.799215687597,census
St. Michael Parish Outreach,Hawaii Foodbank,Oahu,"67-340 Haona St. Waialua, HI 96791",21.568622726599,-158.121779439261,census
St. Pius X Parish,Hawaii Foodbank,Oahu,"2821 Lowrey Ave. Honolulu, HI 96822",21.311859003818,-157.80941293406,census
St. Rita's Church,Hawaii Foodbank,Oahu,"89-318 Farrington Hwy. Waianae, HI 96792",21.377797647,-158.141447712308,census
St. Stephen Episcopal Church @ Wahiawa United Methodist Church (Drive Thru & Walk Up),Hawaii Foodbank,Oahu,"1445 California Ave. Wahiawa, HI 96786",21.502951607471,-158.015102931615,census
St. Stephen Episcopal Church @ Whitmore Community Center (Drive Thru & Walk Up),Hawaii Foodbank,Oahu,"1259 Whitmore Ave. Wahiawa, HI 96786",21.511118081495,-158.019570502473,census
St. Timothy's Episcopal Church,Hawaii Foodbank,Oahu,"98-939 Moanalua Rd. Aiea, HI 96701",21.387382084376,-157.944517530744,census
St. Timothy's Episcopal Church,Hawaii Foodbank,Oahu,"98-939 Moanalua Rd. Aiea, HI 96701",21.387382084376,-157.944517530744,census
Sts. Peter and Paul Church (Drive Thru & Walk Up),Hawaii Foodbank,Oahu,"800 Kaheka St. Honolulu, HI 96814",21.29353737597,-157.839282623065,census
Su Gran Alabanza,Hawaii Foodbank,Oahu,"701 N King St. Honolulu, HI 96817",21.32024102223,-157.866109295539,census
Sunset Beach Christian Church,Hawaii Foodbank,Oahu,"59-578 Kamehameha Hwy. Haleiwa, HI 96712",21.655480522517,-158.059017563884,census
Surfing the Nations,Hawaii Foodbank,Oahu,"64 Ohai St. Wahiawa, HI 96786",21.494745688099,-158.030065540545,census
Surfing the Nations (Walk Up),Hawaii Foodbank,Oahu,"64 Ohai St. Wahiawa, HI 96786",21.494745688099,-158.030065540545,census
Susannah Wesley Community Center,Hawaii Foodbank,Oahu,"1117 Kaili St. Honolulu, HI 96819",21.332679967415,-157.876155954749,census
Susannah Wesley Community Center (Walk Up),Hawaii Foodbank,Oahu,"1117 Kaili St. Honolulu, HI 96819",21.332679967415,-157.876155954749,census
The Pantry by Feeding Hawaii Together By Appt Only.,Hawaii Foodbank,Oahu,"2522 Rose St. Honolulu, HI 96819",21.342084798768,-157.880552268549,census
The Parish of St. Clement,Hawaii Foodbank,Oahu,"1515 Wilder Ave. Honolulu, HI 96822",21.303489209904,-157.834056361278,census
The Radical Hale @ Kapolei High School (Drive Thru & Walk Up),Hawaii Foodbank,Oahu,"91-5007 Kapolei Pkwy. Kapolei, HI 96707",21.337292393667,-158.032496734214,census
The Salvation Army Camp Homelani @ Kauluwela Corps,Hawaii Foodbank,Oahu,"296 N Vineyard Blvd. Honolulu, HI 96817",21.318197905789,-157.860575110285,census
The Salvation Army Family Services Office,Hawaii Foodbank,Oahu,"296 N Vineyard Blvd. Honolulu, HI 96817",21.318197905789,-157.860575110285,census
The Salvation Army Kaneohe,Hawaii Foodbank,Oahu,"45-175 Waikalua Rd. Kaneohe, HI 96744",21.414756543637,-157.794888315897,census
Trinity Missionary Baptist Church,Hawaii Foodbank,Oahu,"3950 Paine Circle Honolulu, HI 96818",21.340004285815,-157.932117923428,census
Voice of God Ministries By Appt Only.,Hawaii Foodbank,Oahu,"233 Akamainui St. Mililani, HI 96789",21.477734007038,-158.020579005618,census
Wahiawa 7th Day Adventist Church,Hawaii Foodbank,Oahu,"1313 California Ave. Wahiawa, HI 96786",21.501513871255,-158.01851388721,census
Waianae Baptist Church,Hawaii Foodbank,Oahu,"85-131 Ala Hema St. Waianae, HI 96792",21.449157538901,-158.190248483972,census
Waianae Wags Pet Food Only. By Appt Only.,Hawaii Foodbank,Oahu,85-786 Farrington Hwy. Waianae HI 96792,21.447271246542,-158.188858874494,census
Waikiki Community Center,Hawaii Foodbank,Oahu,"310 Paoakalani Ave. Honolulu, HI 96816",21.2752810,-157.8202519,nominatim
Waikiki Community Center @ Kapiolani Community College (Walk Up),Hawaii Foodbank,Oahu,"4303 Diamond Head Rd. Honolulu, HI 96816",21.268094331918,-157.800405607361,census
Waipahu Seventh-Day Adventist,Hawaii Foodbank,Oahu,"94-902 Awanei St. Waipahu, HI 96797",21.382141717946,-158.001560852074,census
ʻElepaio Social Services For Kūpuna Only: Must be age 60+,Hawaii Foodbank,Oahu,"Waianae Elementary 85-220 McArthur St. Waianae, HI 96792",21.444948740907,-158.182857814586,census
ʻElepaio Social Services For Kūpuna Only: Must be age 60+,Hawaii Foodbank,Oahu,"QLT Nanakuli 87-1876 Farrington Hwy. Waianae, HI 96792",21.389950684162,-158.154564599692,census
<![CDATA[King's Chapel Pantry]]>,Maui Food Bank,Maui County,"Kamehameha V Hwy & Oki Pl, Kaunakakai",21.087401574128,-157.018148065725,census
<![CDATA[Nā Kiaʻi O Maui / Lahaina Resource & Recovery Center]]>,Maui Food Bank,Maui County,"150 Hana Hwy., Kahului",20.8803882,-156.4418565,nominatim
<![CDATA[St. John's Episcopal Church]]>,Maui Food Bank,Maui County,"8992 Kula Hwy., Kula",20.707580576472,-156.353860687108,census
<![CDATA[Waihe'e Protestant Church]]>,Maui Food Bank,Maui County,"2101 Kahekili Hwy., Wailuku",20.933608626323,-156.512892515668,census
Calvary Chapel South Maui Pantry,Maui Food Bank,Maui County,"320 Ohukai Rd Ste. 420, Kihei",20.775357050436,-156.454011741271,census
Christ the King Church Maui,Maui Food Bank,Maui County,"20 West Wakea Avenue, Kahului",20.88474944142,-156.464731370711,census
Compassion in Action (Faith in Jesus Church),Maui Food Bank,Maui County,"432 Waiehu Beach Rd., Wailuku",20.906045635,-156.485728065374,census
Da Market,Maui Food Bank,Maui County,"48 Ulupono St. #101, Lahaina, HI 96761",20.885036482403,-156.67779591219,census
Da Mobile Market: Door of Faith - Huelo,Maui Food Bank,Maui County,"11 Door of Faith Rd., Huelo",20.9040438,-156.2256543,nominatim
Da Mobile Market: Hāna LDS Church,Maui Food Bank,Maui County,"4836 Uakea Rd, Hāna",20.759432251973,-155.988258176534,census
Da Mobile Market: Pukalani Church of the Nazarene (PukaNaz),Maui Food Bank,Maui County,"211 Hiwalani Lp, Pukalani",20.8420051,-156.3452512,nominatim
Door of Faith - Huelo,Maui Food Bank,Maui County,"11 Door of Faith Rd., Huelo",20.9040438,-156.2256543,nominatim
Good Shepherd Episcopal Church,Maui Food Bank,Maui County,"2140 Main Street, Wailuku",20.887347217698,-156.503540064471,census
Grace Episcopal Church Pantry,Maui Food Bank,Maui County,"2210 Farington Ave, Ho'olehua",21.163310282879,-157.050703739332,census
Hale Hulu Mamo,Maui Food Bank,Maui County,"5101 Uakea Road Bldg G, Hāna",20.7600306,-155.9890013,nominatim2
Hale Kau Kau,Maui Food Bank,Maui County,St. Theresa Church,21.9661659,-159.7122378,nominatim
Iao United Church of Christ,Maui Food Bank,Maui County,"2371 W. Vineyard St., Wailuku",20.887192179751,-156.507228967991,census
In His House of Restoration,Maui Food Bank,Maui County,"63 La'a Street, Kahului",20.866425244635,-156.497591198381,census
Kahului 7th Day Adventist,Maui Food Bank,Maui County,"261 S. Pu'unene Ave., Kahului",20.884786679918,-156.46429251693,census
Kahului Baptist Church,Maui Food Bank,Maui County,"309 S. Puunene Ave., Kahului",20.883594866113,-156.463684762447,census
Keolahou Church,Maui Food Bank,Maui County,"177 S. Kihei Rd., Kihei",20.778608243966,-156.460898488623,census
LDS Pukalani/Makawao Ward,Maui Food Bank,Maui County,"3356 Kihapai Place, Pukalani",20.8389104,-156.3361407,nominatim
Legacy Foundation,Maui Food Bank,Maui County,"1772 Wili Pa Loop, Wailuku",20.892639023197,-156.500774960287,census
Living Way Church Maui,Maui Food Bank,Maui County,"399 N Market Street, Wailuku",20.893873198706,-156.504921723489,census
Maui Economic Opportunity (MEO) Lanai,Maui Food Bank,Maui County,"1144 Ilima Avenue, Lanai",20.820723339051,-156.917717284963,census
Maui Economic Opportunity (MEO) Molokai,Maui Food Bank,Maui County,380 Kolapa Place Kaunakakai,21.0901921,-157.0156959,nominatim
Maui Grassroots Collective - MRR,Maui Food Bank,Maui County,"111 Hana Hwy., Ste.102/103, Kahului",20.8793053,-156.4369653,nominatim2
Maui Junior Voyagers - S Turns Hub,Maui Food Bank,Maui County,"4085 Lower Honoapiilani Rd, Lahaina, HI 96761",20.966856724669,-156.681388990807,census
Molokai Community Health Center,Maui Food Bank,Maui County,"30 Oki Place, Kaunakakai",21.087185130051,-157.018281523103,census
Ohana Makamae,Maui Food Bank,Maui County,"39 Keanini Street, Hāna",20.756082708408,-155.987025380067,census
Pacific Birth Collective,Maui Food Bank,Maui County,"810 Kokomo Road #240 & #170, Haʻikū",20.914063190062,-156.323098338068,census
Pentecostal Missionary Church,Maui Food Bank,Maui County,"2105 Main St, Wailuku",20.887351749407,-156.503067750708,census
Sacred Hearts Lanai Food Pantry,Maui Food Bank,Maui County,"815 Fraser Avenue, Lanai",20.824097087845,-156.920896213536,census
Salvation Army Homeless Outreach,Maui Food Bank,Maui County,"45 Kamehameha Ave., Kahului",20.8882390,-156.4668945,nominatim
Salvation Army Kahului,Maui Food Bank,Maui County,"45 Kamehameha Ave., Kahului",20.8882390,-156.4668945,nominatim
St. Damien of Molokai Parish,Maui Food Bank,Maui County,"115 Ala Malama Ave., Kaunakakai",21.090774789153,-157.020497251781,census
St. Joseph Church,Maui Food Bank,Maui County,"1294 Makawao Ave., Makawao",20.856160188989,-156.308726471957,census
Sustainable Molokai,Maui Food Bank,Maui County,"200 Maunaloa Hwy., Maunaloa",21.130151864699,-157.209777085443,census
UH Maui College,Maui Food Bank,Maui County,"310 W Kaahumanu Ave, Kahului",20.888855866186,-156.486143030813,census
Upcountry Strong - Da Store,Maui Food Bank,Maui County,"1043 Makawao Avenue, #108",20.8517856,-156.3133314,nominatim
Waialua Congregational Church,Maui Food Bank,Maui County,10417 Kamehameha V Hwy.,21.0982590,-156.7572010,nominatim
Waipuna Chapel Outreach,Maui Food Bank,Maui County,"134 Hana Hwy, Paia, HI 96779",20.91637506717,-156.380795586969,census
Youth With A Mission,Maui Food Bank,Maui County,"375 W Kuiaha Rd, Haiku",20.918550522816,-156.307748782196,census
ʻĀina Momona - Keawanui Fishpond,Maui Food Bank,Maui County,"6650 Kamehameha V Hwy., Kaunakakai HI 96748",21.058055732486,-156.851548846149,census
Annunciation Catholic Church,The Food Basket,Hawaii Island,"65-1235 Kawaihae Rd, Waimea, Hawaii, 96743",20.02155598254015,-155.6706050297574,provider
Bible First Mission Church,The Food Basket,Hawaii Island,"82-5976 Mamalahoa Hwy, Captain Cook, Hawaii, 96704",19.48243201220521,-155.89977003443045,provider
Billy Kenoi District Park (Concession area),The Food Basket,Hawaii Island,"15-2910 Kauhale St, Pahoa, HI, 96778",19.495454011250033,-154.91527896137688,provider
Cooper Center Community Pantry,The Food Basket,Hawaii Island,"19-4030 Wright Rd, Volcano, Hawaii, 96785",19.433491346266415,-155.23019433909445,provider
Eden Roc Community Food Distribution,The Food Basket,Hawaii Island,"11-1805 Ahi St, Mountain View, HI, 96771",19.497325727316312,-155.10645343578656,provider
Fern Acres Community Center,The Food Basket,Hawaii Island,"11-3602 Lehua St, Mountain View, HI, 96771",19.5393692,-155.0938074,provider
First Assembly of God,The Food Basket,Hawaii Island,"28-1104 Mamalahoa Hwy, Pepe‘ekeo, Hawaii, 96783",19.832156972832397,-155.0977182357031,provider
Grace Baptist Church,The Food Basket,Hawaii Island,"2575 Kīlauea Avenue, Hilo, HI, 96720",19.678952018580844,-155.06656996676074,provider
H.P.P. Community Center,The Food Basket,Hawaii Island,"15-1570 Makuu  Dr., Keaau, Hawaii, 96749",19.57137341678483,-154.9561863574621,provider
Hawaiian Beaches Pantry,The Food Basket,Hawaii Island,"15-2727 Manini St, Pahoa, Hawaii, 96778",19.5493318,-154.9053506,provider
Hilo Korean Christian Church (Kurtistown),The Food Basket,Hawaii Island,"17-248 Volcano Rd, Kurtistown, HI, 96760",19.602792,-155.0569097,provider
Hilo United Methodist Church (Downtown Hilo),The Food Basket,Hawaii Island,"374 Waianuenue Ave, Hilo, HI, 96720",19.724136008752566,-155.09163403655012,provider
Honokaa  Hongwanji,The Food Basket,Hawaii Island,"45-516 Lehua St, Honokaa, Hawaii, 96727",20.07873401515127,-155.47006900211335,provider
Honokaa Hongwanji,The Food Basket,Hawaii Island,"45-516 Lehua St, Honokaa, Hawaii, 96727",20.07873401515127,-155.47006900211335,provider
Immaculate Conception Church (Located below Holualoa School),The Food Basket,Hawaii Island,"76-5960 Mamalahoa Hwy, Holualoa, Hawaii, 96725",19.61694399808391,-155.95011903715792,provider
Immaculate Heart of Mary,The Food Basket,Hawaii Island,"27-186 Kaapoko Homestead Rd, Papaikou, Hawaii",19.790708981356914,-155.09520397293159,provider
Ka‘u Food Pantry,The Food Basket,Hawaii Island,"92-8606 Paradise Mauka Cir, Ocean View, Hawaii, 96737",19.088194968154262,-155.7634013858001,provider
Kealakehe Intermediate School - Parking Lot,The Food Basket,Hawaii Island,"74-5062 Onipaa St, Kailua Kona, HI, 96740",19.669226999240564,-155.9839840214625,provider
Kokua Christian Ministries (South Kohala),The Food Basket,Hawaii Island,"65-1078 Mamalahoa Hwy, Waimea, Hawaii, 96743",20.02477199306003,-155.66230200029085,provider
Kona Gospel Chapel (Kealakekua – behind American Savings),The Food Basket,Hawaii Island,"81-1037 Nani Kūpuna Place, Kealakekua, Hawaii, 96750",19.51720798365642,-155.91827702518472,provider
Kurtistown Assembly of God,The Food Basket,Hawaii Island,"17-550 Volcano Rd., Keaau, Hawaii, 96749",19.581080025518602,-155.06176966041073,provider
Kurtistown Assembly of God,The Food Basket,Hawaii Island,"17-550 Volcano Rd, Keaau, Hawaii, 96749",19.581080025518602,-155.06176966041073,provider
Living Waters Church (Behind Kinoole  Senior Housing),The Food Basket,Hawaii Island,"89 Maikai St, Hilo, Hawaii, 96720",19.68982799895565,-155.07071397969068,provider
Malia Puka O Kalani Church,The Food Basket,Hawaii Island,"326 Desha Ave, Hilo, Hawaii, 96720",19.729633992411962,-155.04279201619457,provider
Malu Aina,The Food Basket,Hawaii Island,"Kurtistown, Hawaii, 96760",19.593530000000044,-155.05746499999998,provider
Marshallese New Pentecostal Church,The Food Basket,Hawaii Island,"74-5596 Pawai Pl., Kailua-Kona, HI, 96740",19.6432654,-155.9992037,provider
O Ka'u Kakou Pantry,The Food Basket,Hawaii Island,"96-1149 Kamani Street, Pahala, Hawaii, 96777",19.2011130038654,-155.47365201426373,provider
Ola’a First Hawaiian Community Church,The Food Basket,Hawaii Island,"Kurtistown Park, Keaau, Hawaii, 96749",19.603036804160947,-155.06517354244468,provider
Orchidland Neighbors at Sure Foundation Church,The Food Basket,Hawaii Island,"16-1592 Pohaku Cir, Keaau, HI, 96749",19.5654192,-154.9998724,provider
Pahoa Pantry @ New Hope Church,The Food Basket,Hawaii Island,"15-3083 Kapoho Rd, Pahoa, HI, 96778",19.49609049373896,-154.85168589128145,provider
Pahoa Sacred Hearts Parish Hall,The Food Basket,Hawaii Island,"15-3003 Pahoa Village Rd, Pahoa, Hawaii, 96778",19.493509996446548,-154.94232099267762,provider
Sacred Heart Catholic Church (North Kohala/Hāwī),The Food Basket,Hawaii Island,"55-3374 Akoni Pule Hwy, Hawi, Hawaii, 96719",20.238325646455614,-155.8345422094811,provider
Sacred Hearts - Loaves and Fishes,The Food Basket,Hawaii Island,"95-558 Mamalahoa Hwy., Naalehu, Hawaii, 96772",19.065304002289338,-155.57640802840535,provider
Salvation Army - Honokaa,The Food Basket,Hawaii Island,"45-511 Rickard Pl, Honokaa, Hawaii, 96727",20.07773527619594,-155.46497015076991,provider
Salvation Army Kailua-Kona (Top of Hamburger Hill),The Food Basket,Hawaii Island,"75-223 Kalani St, Kailua-Kona, Hawaii, 96740",19.64243801759669,-155.98713896981772,provider
Salvation Army Lanai (Downtown Hilo),The Food Basket,Hawaii Island,"219 Ponahawai St, Hilo, Hawaii, 96720",19.720771009903757,-155.08571197049957,provider
Salvation Army Lanai (Downtown Hilo),The Food Basket,Hawaii Island,"219 Ponahawai St, Hilo, Hawaii, 96720",19.720771009903757,-155.08571197049957,provider
Seventh-Day Adventist Church,The Food Basket,Hawaii Island,"162 Kapiolani St, Hilo, Hawaii, 96720",19.720024332163433,-155.0887924082949,provider
St Augustine’s Church (Kapaau),The Food Basket,Hawaii Island,"54-3801 Akoni Pule Hwy, Kapaau, Hawaii, 96755",20.231000630176503,-155.80275257002012,provider
St Augustine’s Church (Kapaau),The Food Basket,Hawaii Island,"54-3801 Akoni Pule Hwy, Kapaau, HI, 96755",20.231706136945505,-155.80457106037278,provider
St James Episcopal Church (South Kohala),The Food Basket,Hawaii Island,"65-1237 Kawaihae Rd, Waimea, Hawaii, 96743",20.02150900197286,-155.67146400719483,provider
St. Benedict Church Honaunau,The Food Basket,Hawaii Island,"84-5140 Painted Church Rd, Captain Cook, Hawaii, 96704",19.434925983396795,-155.887895978935,provider
St. Theresa Parish,The Food Basket,Hawaii Island,"18-1355 Volcano Hwy., Mountain View, Hawaii, 96771",19.54925905868454,-155.10860735428662,provider
The Food Basket - Hilo Warehouse,The Food Basket,Hawaii Island,"40 Holomua St, Hilo, HI, 96720",19.7045536,-155.0691042,provider
The Friendly Place (Old Industrial area),The Food Basket,Hawaii Island,"55-5955 Pawai Pl, Kailua-Kona, Hawaii, 96740",19.64366167165104,-155.99957542757042,provider
Volcano Cooper Center,The Food Basket,Hawaii Island,"19-4030 Wright Rd., Mountain View, Hawaii, 96771",19.550050642327076,-155.1063405280577,provider
